SET IDENTITY_INSERT [dbo].[subdivision1] ON
INSERT INTO [dbo].[subdivision1] (id, created_by, creation_date, last_modified_by, last_modified_date, development_index, name) VALUES 
(1,NULL,'2016-12-21 17:31:32.6130000',NULL,'2016-12-21 17:31:32.6130000','I.','Virovitičko-podravska'),
(2,NULL,'2016-12-21 17:31:33.0830000',NULL,'2016-12-21 17:31:33.0830000','I.','Brodsko-posavska'),
(3,NULL,'2016-12-21 17:31:33.4000000',NULL,'2016-12-21 17:31:33.4000000','I.','Vukovarsko-srijemska'),
(4,NULL,'2016-12-21 17:31:33.7270000',NULL,'2016-12-21 17:31:33.7270000','I.','Bjelovarsko-bilogorska'),
(5,NULL,'2016-12-21 17:31:34.0470000',NULL,'2016-12-21 17:31:34.0470000','I.','Požeško-slavonska'),
(6,NULL,'2016-12-21 17:31:34.3670000',NULL,'2016-12-21 17:31:34.3670000','I.','Sisačko-moslavačka'),
(7,NULL,'2016-12-21 17:31:34.6970000',NULL,'2016-12-21 17:31:34.6970000','I.','Osječko-baranjska'),
(8,NULL,'2016-12-21 17:31:35.0570000',NULL,'2016-12-21 17:31:35.0570000','I.','Karlovačka'),
(9,NULL,'2016-12-21 17:31:35.3770000',NULL,'2016-12-21 17:31:35.3770000','I.','Koprivničko-križevačka'),
(10,NULL,'2016-12-21 17:31:35.7570000',NULL,'2016-12-21 17:31:35.7570000','I.','Ličko-senjska'),
(11,NULL,'2016-12-21 17:31:36.0730000',NULL,'2016-12-21 17:31:36.0730000','I.','Međimurska'),
(12,NULL,'2016-12-21 17:31:36.3970000',NULL,'2016-12-21 17:31:36.3970000','I.','Krapinsko-zagorska'),
(13,NULL,'2016-12-21 17:31:36.7130000',NULL,'2016-12-21 17:31:36.7130000','II.','Šibensko-kninska'),
(14,NULL,'2016-12-21 17:31:37.0330000',NULL,'2016-12-21 17:31:37.0330000','II.','Varaždinska'),
(15,NULL,'2016-12-21 17:31:37.3570000',NULL,'2016-12-21 17:31:37.3570000','II.','Splitsko-dalmatinska'),
(16,NULL,'2016-12-21 17:31:37.6730000',NULL,'2016-12-21 17:31:37.6730000','III.','Zadarska'),
(17,NULL,'2016-12-21 17:31:37.9930000',NULL,'2016-12-21 17:31:37.9930000','III.','Dubrovačko-neretvanska'),
(18,NULL,'2016-12-21 17:31:38.3170000',NULL,'2016-12-21 17:31:38.3170000','III.','Zagrebačka'),
(19,NULL,'2016-12-21 17:31:38.6500000',NULL,'2016-12-21 17:31:38.6500000','IV.','Primorsko-goranska'),
(20,NULL,'2016-12-21 17:31:39.0400000',NULL,'2016-12-21 17:31:39.0400000','IV.','Istarska'),
(21,NULL,'2016-12-21 17:31:39.3630000',NULL,'2016-12-21 17:31:39.3630000','IV.','Grad Zagreb');

SET IDENTITY_INSERT [dbo].[subdivision1] OFF

SET IDENTITY_INSERT [dbo].[subdivision2] ON
INSERT INTO [dbo].[subdivision2] (id, created_by, creation_date, last_modified_by, last_modified_date, development_index, name, subdivision1) VALUES 
(1,NULL,'2016-12-21 17:31:39.9500000',NULL,'2016-12-21 17:31:39.9500000','I.','Kistanje',13),
(2,NULL,'2016-12-21 17:31:40.4030000',NULL,'2016-12-21 17:31:40.4030000','I.','Donji Kukuruzari',6),
(3,NULL,'2016-12-21 17:31:40.8500000',NULL,'2016-12-21 17:31:40.8500000','I.','Voćin',1),
(4,NULL,'2016-12-21 17:31:41.3100000',NULL,'2016-12-21 17:31:41.3100000','I.','Vrginmost',6),
(5,NULL,'2016-12-21 17:31:41.7600000',NULL,'2016-12-21 17:31:41.7600000','I.','Gunja',3),
(6,NULL,'2016-12-21 17:31:42.2730000',NULL,'2016-12-21 17:31:42.2730000','I.','Zrinski Topolovac',4),
(7,NULL,'2016-12-21 17:31:42.7200000',NULL,'2016-12-21 17:31:42.7200000','I.','Vrbje',2),
(8,NULL,'2016-12-21 17:31:43.1770000',NULL,'2016-12-21 17:31:43.1770000','I.','Okučani',2),
(9,NULL,'2016-12-21 17:31:43.6230000',NULL,'2016-12-21 17:31:43.6230000','I.','Cetingrad',8),
(10,NULL,'2016-12-21 17:31:44.0670000',NULL,'2016-12-21 17:31:44.0670000','I.','Đulovac',4),
(11,NULL,'2016-12-21 17:31:44.5230000',NULL,'2016-12-21 17:31:44.5230000','I.','Biskupija',13),
(12,NULL,'2016-12-21 17:31:44.9730000',NULL,'2016-12-21 17:31:44.9730000','I.','Vojnić',8),
(13,NULL,'2016-12-21 17:31:45.4830000',NULL,'2016-12-21 17:31:45.4830000','I.','Gornji Bogićevci',2),
(14,NULL,'2016-12-21 17:31:45.9300000',NULL,'2016-12-21 17:31:45.9300000','I.','Dvor',6),
(15,NULL,'2016-12-21 17:31:46.3800000',NULL,'2016-12-21 17:31:46.3800000','I.','Krnjak',8),
(16,NULL,'2016-12-21 17:31:46.8270000',NULL,'2016-12-21 17:31:46.8270000','I.','Levanjska Varoš',7),
(17,NULL,'2016-12-21 17:31:47.2730000',NULL,'2016-12-21 17:31:47.2730000','I.','Plaški',8),
(18,NULL,'2016-12-21 17:31:47.7170000',NULL,'2016-12-21 17:31:47.7170000','I.','Sopje',1),
(19,NULL,'2016-12-21 17:31:48.1730000',NULL,'2016-12-21 17:31:48.1730000','I.','Drenovci',3),
(20,NULL,'2016-12-21 17:31:48.6870000',NULL,'2016-12-21 17:31:48.6870000','I.','Gradina',1),
(21,NULL,'2016-12-21 17:31:49.1330000',NULL,'2016-12-21 17:31:49.1330000','I.','Jagodnjak',7),
(22,NULL,'2016-12-21 17:31:49.5800000',NULL,'2016-12-21 17:31:49.5800000','I.','Štefanje',4),
(23,NULL,'2016-12-21 17:31:50.0400000',NULL,'2016-12-21 17:31:50.0400000','I.','Babina Greda',3),
(24,NULL,'2016-12-21 17:31:50.4930000',NULL,'2016-12-21 17:31:50.4930000','I.','Štitar',3),
(25,NULL,'2016-12-21 17:31:50.9430000',NULL,'2016-12-21 17:31:50.9430000','I.','Mikleuš',1),
(26,NULL,'2016-12-21 17:31:51.4030000',NULL,'2016-12-21 17:31:51.4030000','I.','Drenje',7),
(27,NULL,'2016-12-21 17:31:51.9130000',NULL,'2016-12-21 17:31:51.9130000','I.','Donji Lapac',10),
(28,NULL,'2016-12-21 17:31:52.4000000',NULL,'2016-12-21 17:31:52.4000000','I.','Sunja',6),
(29,NULL,'2016-12-21 17:31:52.8470000',NULL,'2016-12-21 17:31:52.8470000','I.','Trnava',7),
(30,NULL,'2016-12-21 17:31:53.2970000',NULL,'2016-12-21 17:31:53.2970000','I.','Podgorač',7),
(31,NULL,'2016-12-21 17:31:53.7430000',NULL,'2016-12-21 17:31:53.7430000','I.','Nova Rača',4),
(32,NULL,'2016-12-21 17:31:54.1900000',NULL,'2016-12-21 17:31:54.1900000','I.','Vrhovine',10),
(33,NULL,'2016-12-21 17:31:54.6670000',NULL,'2016-12-21 17:31:54.6670000','I.','Markušica',3),
(34,NULL,'2016-12-21 17:31:55.1770000',NULL,'2016-12-21 17:31:55.1770000','I.','Hrvatska Dubica',6),
(35,NULL,'2016-12-21 17:31:55.6400000',NULL,'2016-12-21 17:31:55.6400000','I.','Lokvičići',15),
(36,NULL,'2016-12-21 17:31:56.1100000',NULL,'2016-12-21 17:31:56.1100000','I.','Nova Bukovica',1),
(37,NULL,'2016-12-21 17:31:56.5670000',NULL,'2016-12-21 17:31:56.5670000','I.','Čađavica',1),
(38,NULL,'2016-12-21 17:31:57.0170000',NULL,'2016-12-21 17:31:57.0170000','I.','Kloštar Podravski',9),
(39,NULL,'2016-12-21 17:31:57.4900000',NULL,'2016-12-21 17:31:57.4900000','I.','Staro Petrovo Selo',2),
(40,NULL,'2016-12-21 17:31:57.9400000',NULL,'2016-12-21 17:31:57.9400000','I.','Gundinci',2),
(41,NULL,'2016-12-21 17:31:58.4570000',NULL,'2016-12-21 17:31:58.4570000','I.','Špišić Bukovica',1),
(42,NULL,'2016-12-21 17:31:58.9130000',NULL,'2016-12-21 17:31:58.9130000','I.','Rovišće',4),
(43,NULL,'2016-12-21 17:31:59.3770000',NULL,'2016-12-21 17:31:59.3770000','I.','Šodolovci',7),
(44,NULL,'2016-12-21 17:31:59.8300000',NULL,'2016-12-21 17:31:59.8300000','I.','Dežanovac',4),
(45,NULL,'2016-12-21 17:32:00.2730000',NULL,'2016-12-21 17:32:00.2730000','I.','Civljane',13),
(46,NULL,'2016-12-21 17:32:00.7200000',NULL,'2016-12-21 17:32:00.7200000','I.','Podravska Moslavina',7),
(47,NULL,'2016-12-21 17:32:01.1870000',NULL,'2016-12-21 17:32:01.1870000','I.','Kapela',4),
(48,NULL,'2016-12-21 17:32:01.7000000',NULL,'2016-12-21 17:32:01.7000000','II.','Stara Gradiška',2),
(49,NULL,'2016-12-21 17:32:02.1500000',NULL,'2016-12-21 17:32:02.1500000','II.','Bošnjaci',3),
(50,NULL,'2016-12-21 17:32:02.6000000',NULL,'2016-12-21 17:32:02.6000000','II.','Viljevo',7),
(51,NULL,'2016-12-21 17:32:03.0430000',NULL,'2016-12-21 17:32:03.0430000','II.','Bebrina',2),
(52,NULL,'2016-12-21 17:32:03.4930000',NULL,'2016-12-21 17:32:03.4930000','II.','Sveti Petar Orehovec',9),
(53,NULL,'2016-12-21 17:32:03.9470000',NULL,'2016-12-21 17:32:03.9470000','II.','Novo Virje',9),
(54,NULL,'2016-12-21 17:32:04.3930000',NULL,'2016-12-21 17:32:04.3930000','II.','Proložac',15),
(55,NULL,'2016-12-21 17:32:04.9030000',NULL,'2016-12-21 17:32:04.9030000','II.','Velika Pisanica',4),
(56,NULL,'2016-12-21 17:32:05.3570000',NULL,'2016-12-21 17:32:05.3570000','II.','Orehovica',11),
(57,NULL,'2016-12-21 17:32:05.8000000',NULL,'2016-12-21 17:32:05.8000000','II.','Saborsko',8),
(58,NULL,'2016-12-21 17:32:06.2570000',NULL,'2016-12-21 17:32:06.2570000','II.','Ivanska',4),
(59,NULL,'2016-12-21 17:32:06.7030000',NULL,'2016-12-21 17:32:06.7030000','II.','Gornja Rijeka',9),
(60,NULL,'2016-12-21 17:32:07.1470000',NULL,'2016-12-21 17:32:07.1470000','II.','Ervenik',13),
(61,NULL,'2016-12-21 17:32:07.6000000',NULL,'2016-12-21 17:32:07.6000000','II.','Majur',6),
(62,NULL,'2016-12-21 17:32:08.1170000',NULL,'2016-12-21 17:32:08.1170000','II.','Cista Provo',15),
(63,NULL,'2016-12-21 17:32:08.5800000',NULL,'2016-12-21 17:32:08.5800000','II.','Suhopolje',1),
(64,NULL,'2016-12-21 17:32:09.0300000',NULL,'2016-12-21 17:32:09.0300000','II.','Trpinja',3),
(65,NULL,'2016-12-21 17:32:09.4830000',NULL,'2016-12-21 17:32:09.4830000','II.','Velika Trnovitica',4),
(66,NULL,'2016-12-21 17:32:09.9370000',NULL,'2016-12-21 17:32:09.9370000','II.','Vrbanja',3),
(67,NULL,'2016-12-21 17:32:10.3870000',NULL,'2016-12-21 17:32:10.3870000','II.','Slavonski Šamac',2),
(68,NULL,'2016-12-21 17:32:10.8330000',NULL,'2016-12-21 17:32:10.8330000','II.','Donja Voća',14),
(69,NULL,'2016-12-21 17:32:11.3630000',NULL,'2016-12-21 17:32:11.3630000','II.','Lukač',1),
(70,NULL,'2016-12-21 17:32:11.8230000',NULL,'2016-12-21 17:32:11.8230000','II.','Borovo',3),
(71,NULL,'2016-12-21 17:32:12.2730000',NULL,'2016-12-21 17:32:12.2730000','II.','Davor',2),
(72,NULL,'2016-12-21 17:32:12.7270000',NULL,'2016-12-21 17:32:12.7270000','II.','Čaglin',5),
(73,NULL,'2016-12-21 17:32:13.1730000',NULL,'2016-12-21 17:32:13.1730000','II.','Velika Kopanica',2),
(74,NULL,'2016-12-21 17:32:13.6200000',NULL,'2016-12-21 17:32:13.6200000','II.','Donja Motičina',7),
(75,NULL,'2016-12-21 17:32:14.0670000',NULL,'2016-12-21 17:32:14.0670000','II.','Veliki Grđevac',4),
(76,NULL,'2016-12-21 17:32:14.5770000',NULL,'2016-12-21 17:32:14.5770000','II.','Lovreć',15),
(77,NULL,'2016-12-21 17:32:15.0370000',NULL,'2016-12-21 17:32:15.0370000','II.','Popovac',7),
(78,NULL,'2016-12-21 17:32:15.5000000',NULL,'2016-12-21 17:32:15.5000000','II.','Gradište',3),
(79,NULL,'2016-12-21 17:32:15.9470000',NULL,'2016-12-21 17:32:15.9470000','II.','Rešetari',2),
(80,NULL,'2016-12-21 17:32:16.3970000',NULL,'2016-12-21 17:32:16.3970000','II.','Gorjani',7),
(81,NULL,'2016-12-21 17:32:16.8500000',NULL,'2016-12-21 17:32:16.8500000','II.','Đurđenovac',7),
(82,NULL,'2016-12-21 17:32:17.2970000',NULL,'2016-12-21 17:32:17.2970000','II.','Rakovec',18),
(83,NULL,'2016-12-21 17:32:17.8070000',NULL,'2016-12-21 17:32:17.8070000','II.','Berek',4),
(84,NULL,'2016-12-21 17:32:18.2530000',NULL,'2016-12-21 17:32:18.2530000','II.','Glina',6),
(85,NULL,'2016-12-21 17:32:18.7000000',NULL,'2016-12-21 17:32:18.7000000','II.','Cernik',2),
(86,NULL,'2016-12-21 17:32:19.1500000',NULL,'2016-12-21 17:32:19.1500000','II.','Kalnik',9),
(87,NULL,'2016-12-21 17:32:19.5970000',NULL,'2016-12-21 17:32:19.5970000','II.','Stari Mikanovci',3),
(88,NULL,'2016-12-21 17:32:20.0570000',NULL,'2016-12-21 17:32:20.0570000','II.','Viškovci',7),
(89,NULL,'2016-12-21 17:32:20.5070000',NULL,'2016-12-21 17:32:20.5070000','II.','Sokolovac',9),
(90,NULL,'2016-12-21 17:32:21.0170000',NULL,'2016-12-21 17:32:21.0170000','II.','Satnica Đakovačka',7),
(91,NULL,'2016-12-21 17:32:21.4670000',NULL,'2016-12-21 17:32:21.4670000','II.','Farkaševac',18),
(92,NULL,'2016-12-21 17:32:21.9270000',NULL,'2016-12-21 17:32:21.9270000','II.','Strizivojna',7),
(93,NULL,'2016-12-21 17:32:22.3830000',NULL,'2016-12-21 17:32:22.3830000','II.','Bogdanovci',3),
(94,NULL,'2016-12-21 17:32:22.8370000',NULL,'2016-12-21 17:32:22.8370000','II.','Sikirevci',2),
(95,NULL,'2016-12-21 17:32:23.2970000',NULL,'2016-12-21 17:32:23.2970000','II.','Tompojevci',3),
(96,NULL,'2016-12-21 17:32:23.7470000',NULL,'2016-12-21 17:32:23.7470000','II.','Podcrkavlje',2),
(97,NULL,'2016-12-21 17:32:24.2530000',NULL,'2016-12-21 17:32:24.2530000','II.','Kaptol',5),
(98,NULL,'2016-12-21 17:32:24.7070000',NULL,'2016-12-21 17:32:24.7070000','II.','Vladislavci',7),
(99,NULL,'2016-12-21 17:32:25.1530000',NULL,'2016-12-21 17:32:25.1530000','II.','Runovići',15),
(100,NULL,'2016-12-21 17:32:25.6000000',NULL,'2016-12-21 17:32:25.6000000','II.','Dragalić',2),
(101,NULL,'2016-12-21 17:32:26.0430000',NULL,'2016-12-21 17:32:26.0430000','II.','Podbablje',15),
(102,NULL,'2016-12-21 17:32:26.4930000',NULL,'2016-12-21 17:32:26.4930000','II.','Preseka',18),
(103,NULL,'2016-12-21 17:32:26.9500000',NULL,'2016-12-21 17:32:26.9500000','II.','Gračac',16),
(104,NULL,'2016-12-21 17:32:27.4600000',NULL,'2016-12-21 17:32:27.4600000','II.','Končanica',4),
(105,NULL,'2016-12-21 17:32:27.9030000',NULL,'2016-12-21 17:32:27.9030000','II.','Punitovci',7),
(106,NULL,'2016-12-21 17:32:28.3500000',NULL,'2016-12-21 17:32:28.3500000','II.','Negoslavci',3),
(107,NULL,'2016-12-21 17:32:28.8100000',NULL,'2016-12-21 17:32:28.8100000','II.','Koška',7),
(108,NULL,'2016-12-21 17:32:29.2630000',NULL,'2016-12-21 17:32:29.2630000','II.','Pitomača',1),
(109,NULL,'2016-12-21 17:32:29.7270000',NULL,'2016-12-21 17:32:29.7270000','II.','Severin',4),
(110,NULL,'2016-12-21 17:32:30.1700000',NULL,'2016-12-21 17:32:30.1700000','II.','Crnac',1),
(111,NULL,'2016-12-21 17:32:30.6830000',NULL,'2016-12-21 17:32:30.6830000','II.','Nova Kapela',2),
(112,NULL,'2016-12-21 17:32:31.1300000',NULL,'2016-12-21 17:32:31.1300000','II.','Petlovac',7),
(113,NULL,'2016-12-21 17:32:31.5830000',NULL,'2016-12-21 17:32:31.5830000','II.','Zažablje',17),
(114,NULL,'2016-12-21 17:32:32.0370000',NULL,'2016-12-21 17:32:32.0370000','II.','Vrpolje',2),
(115,NULL,'2016-12-21 17:32:32.4870000',NULL,'2016-12-21 17:32:32.4870000','II.','Oprisavci',2),
(116,NULL,'2016-12-21 17:32:32.9330000',NULL,'2016-12-21 17:32:32.9330000','II.','Martinska Ves',6),
(117,NULL,'2016-12-21 17:32:33.3800000',NULL,'2016-12-21 17:32:33.3800000','II.','Marijanci',7),
(118,NULL,'2016-12-21 17:32:33.8930000',NULL,'2016-12-21 17:32:33.8930000','II.','Privlaka (Vinkovci)',3),
(119,NULL,'2016-12-21 17:32:34.3600000',NULL,'2016-12-21 17:32:34.3600000','II.','Zagvozd',15),
(120,NULL,'2016-12-21 17:32:34.8130000',NULL,'2016-12-21 17:32:34.8130000','II.','Brinje',10),
(121,NULL,'2016-12-21 17:32:35.2900000',NULL,'2016-12-21 17:32:35.2900000','II.','Kneževi Vinogradi',7),
(122,NULL,'2016-12-21 17:32:35.7630000',NULL,'2016-12-21 17:32:35.7630000','II.','Draž',7),
(123,NULL,'2016-12-21 17:32:36.2300000',NULL,'2016-12-21 17:32:36.2300000','II.','Semeljci',7),
(124,NULL,'2016-12-21 17:32:36.6900000',NULL,'2016-12-21 17:32:36.6900000','II.','Cerna',3),
(125,NULL,'2016-12-21 17:32:37.1970000',NULL,'2016-12-21 17:32:37.1970000','II.','Ferdinandovac',9),
(126,NULL,'2016-12-21 17:32:37.6470000',NULL,'2016-12-21 17:32:37.6470000','II.','Pleternica',5),
(127,NULL,'2016-12-21 17:32:38.0970000',NULL,'2016-12-21 17:32:38.0970000','II.','Slivno',17),
(128,NULL,'2016-12-21 17:32:38.5630000',NULL,'2016-12-21 17:32:38.5630000','II.','Rasinja',9),
(129,NULL,'2016-12-21 17:32:39.0130000',NULL,'2016-12-21 17:32:39.0130000','II.','Otok (Vinkovci)',3),
(130,NULL,'2016-12-21 17:32:39.4600000',NULL,'2016-12-21 17:32:39.4600000','II.','Šandrovac',4),
(131,NULL,'2016-12-21 17:32:39.9170000',NULL,'2016-12-21 17:32:39.9170000','II.','Garčin',2),
(132,NULL,'2016-12-21 17:32:40.4370000',NULL,'2016-12-21 17:32:40.4370000','II.','Erdut',7),
(133,NULL,'2016-12-21 17:32:40.8870000',NULL,'2016-12-21 17:32:40.8870000','II.','Šestanovac',15),
(134,NULL,'2016-12-21 17:32:41.3330000',NULL,'2016-12-21 17:32:41.3330000','II.','Ribnik',8),
(135,NULL,'2016-12-21 17:32:41.7770000',NULL,'2016-12-21 17:32:41.7770000','II.','Grubišno Polje',4),
(136,NULL,'2016-12-21 17:32:42.2400000',NULL,'2016-12-21 17:32:42.2400000','II.','Stari Jankovci',3),
(137,NULL,'2016-12-21 17:32:42.7070000',NULL,'2016-12-21 17:32:42.7070000','II.','Gornja Vrba',2),
(138,NULL,'2016-12-21 17:32:43.1500000',NULL,'2016-12-21 17:32:43.1500000','II.','Nijemci',3),
(139,NULL,'2016-12-21 17:32:43.6600000',NULL,'2016-12-21 17:32:43.6600000','II.','Darda',7),
(140,NULL,'2016-12-21 17:32:44.1070000',NULL,'2016-12-21 17:32:44.1070000','II.','Trilj',15),
(141,NULL,'2016-12-21 17:32:44.5570000',NULL,'2016-12-21 17:32:44.5570000','II.','Žumberak',18),
(142,NULL,'2016-12-21 17:32:45.0330000',NULL,'2016-12-21 17:32:45.0330000','II.','Tounj',8),
(143,NULL,'2016-12-21 17:32:45.4900000',NULL,'2016-12-21 17:32:45.4900000','II.','Dubrava',18),
(144,NULL,'2016-12-21 17:32:45.9400000',NULL,'2016-12-21 17:32:45.9400000','II.','Feričanci',7),
(145,NULL,'2016-12-21 17:32:46.4170000',NULL,'2016-12-21 17:32:46.4170000','II.','Desinić',12),
(146,NULL,'2016-12-21 17:32:46.9270000',NULL,'2016-12-21 17:32:46.9270000','II.','Jasenovac',6),
(147,NULL,'2016-12-21 17:32:47.3700000',NULL,'2016-12-21 17:32:47.3700000','II.','Zdenci',1),
(148,NULL,'2016-12-21 17:32:47.8200000',NULL,'2016-12-21 17:32:47.8200000','II.','Visoko',14),
(149,NULL,'2016-12-21 17:32:48.2670000',NULL,'2016-12-21 17:32:48.2670000','II.','Lišane Ostrovičke',16),
(150,NULL,'2016-12-21 17:32:48.7200000',NULL,'2016-12-21 17:32:48.7200000','II.','Otok',15),
(151,NULL,'2016-12-21 17:32:49.1700000',NULL,'2016-12-21 17:32:49.1700000','II.','Hlebine',9),
(152,NULL,'2016-12-21 17:32:49.6200000',NULL,'2016-12-21 17:32:49.6200000','II.','Veliko Trojstvo',4),
(153,NULL,'2016-12-21 17:32:50.1370000',NULL,'2016-12-21 17:32:50.1370000','II.','Donji Andrijevci',2),
(154,NULL,'2016-12-21 17:32:50.5800000',NULL,'2016-12-21 17:32:50.5800000','II.','Sveti Ivan Žabno',9),
(155,NULL,'2016-12-21 17:32:51.0370000',NULL,'2016-12-21 17:32:51.0370000','II.','Žakanje',8),
(156,NULL,'2016-12-21 17:32:51.4900000',NULL,'2016-12-21 17:32:51.4900000','II.','Kutjevo',5),
(157,NULL,'2016-12-21 17:32:51.9530000',NULL,'2016-12-21 17:32:51.9530000','II.','Sibinj',2),
(158,NULL,'2016-12-21 17:32:52.4130000',NULL,'2016-12-21 17:32:52.4130000','II.','Ružić',13),
(159,NULL,'2016-12-21 17:32:52.8670000',NULL,'2016-12-21 17:32:52.8670000','II.','Brestovac',5),
(160,NULL,'2016-12-21 17:32:53.3770000',NULL,'2016-12-21 17:32:53.3770000','II.','Oriovac',2),
(161,NULL,'2016-12-21 17:32:53.8230000',NULL,'2016-12-21 17:32:53.8230000','II.','Čačinci',1),
(162,NULL,'2016-12-21 17:32:54.2700000',NULL,'2016-12-21 17:32:54.2700000','II.','Udbina',10),
(163,NULL,'2016-12-21 17:32:54.7370000',NULL,'2016-12-21 17:32:54.7370000','II.','Brodski Stupnik',2),
(164,NULL,'2016-12-21 17:32:55.1970000',NULL,'2016-12-21 17:32:55.1970000','II.','Vrlika',15),
(165,NULL,'2016-12-21 17:32:55.6430000',NULL,'2016-12-21 17:32:55.6430000','II.','Podturen',11),
(166,NULL,'2016-12-21 17:32:56.1000000',NULL,'2016-12-21 17:32:56.1000000','II.','Bosiljevo',8),
(167,NULL,'2016-12-21 17:32:56.6070000',NULL,'2016-12-21 17:32:56.6070000','II.','Domašinec',11),
(168,NULL,'2016-12-21 17:32:57.0530000',NULL,'2016-12-21 17:32:57.0530000','II.','Zmijavci',15),
(169,NULL,'2016-12-21 17:32:57.4970000',NULL,'2016-12-21 17:32:57.4970000','II.','Velika',5),
(170,NULL,'2016-12-21 17:32:57.9430000',NULL,'2016-12-21 17:32:57.9430000','II.','Cestica',14),
(171,NULL,'2016-12-21 17:32:58.3930000',NULL,'2016-12-21 17:32:58.3930000','II.','Vođinci',3),
(172,NULL,'2016-12-21 17:32:58.8400000',NULL,'2016-12-21 17:32:58.8400000','II.','Ivankovo',3),
(173,NULL,'2016-12-21 17:32:59.2900000',NULL,'2016-12-21 17:32:59.2900000','II.','Bednja',14),
(174,NULL,'2016-12-21 17:32:59.8000000',NULL,'2016-12-21 17:32:59.8000000','II.','Lasinja',8),
(175,NULL,'2016-12-21 17:33:00.2500000',NULL,'2016-12-21 17:33:00.2500000','II.','Josipdol',8),
(176,NULL,'2016-12-21 17:33:00.7230000',NULL,'2016-12-21 17:33:00.7230000','II.','Novska',6),
(177,NULL,'2016-12-21 17:33:01.1700000',NULL,'2016-12-21 17:33:01.1700000','II.','Štrigova',11),
(178,NULL,'2016-12-21 17:33:01.6270000',NULL,'2016-12-21 17:33:01.6270000','II.','Lovas',3),
(179,NULL,'2016-12-21 17:33:02.0800000',NULL,'2016-12-21 17:33:02.0800000','II.','Peteranec',9),
(180,NULL,'2016-12-21 17:33:02.5300000',NULL,'2016-12-21 17:33:02.5300000','II.','Sveti Đurđ',14),
(181,NULL,'2016-12-21 17:33:03.0370000',NULL,'2016-12-21 17:33:03.0370000','II.','Hrvatska Kostajnica',6),
(182,NULL,'2016-12-21 17:33:03.4770000',NULL,'2016-12-21 17:33:03.4770000','II.','Mali Bukovec',14),
(183,NULL,'2016-12-21 17:33:03.9330000',NULL,'2016-12-21 17:33:03.9330000','II.','Petrinja',6),
(184,NULL,'2016-12-21 17:33:04.3900000',NULL,'2016-12-21 17:33:04.3900000','II.','Tordinci',3),
(185,NULL,'2016-12-21 17:33:04.8330000',NULL,'2016-12-21 17:33:04.8330000','II.','Novigrad (Zadar)',16),
(186,NULL,'2016-12-21 17:33:05.2770000',NULL,'2016-12-21 17:33:05.2770000','II.','Virje',9),
(187,NULL,'2016-12-21 17:33:05.7270000',NULL,'2016-12-21 17:33:05.7270000','II.','Stankovci',16),
(188,NULL,'2016-12-21 17:33:06.2400000',NULL,'2016-12-21 17:33:06.2400000','II.','Škabrnja',16),
(189,NULL,'2016-12-21 17:33:06.6900000',NULL,'2016-12-21 17:33:06.6900000','II.','Hrvace',15),
(190,NULL,'2016-12-21 17:33:07.1370000',NULL,'2016-12-21 17:33:07.1370000','II.','Poličnik',16),
(191,NULL,'2016-12-21 17:33:07.5830000',NULL,'2016-12-21 17:33:07.5830000','II.','Magadenovac',7),
(192,NULL,'2016-12-21 17:33:08.0270000',NULL,'2016-12-21 17:33:08.0270000','II.','Rakovica',8),
(193,NULL,'2016-12-21 17:33:08.4970000',NULL,'2016-12-21 17:33:08.4970000','II.','Jarmina',3),
(194,NULL,'2016-12-21 17:33:08.9570000',NULL,'2016-12-21 17:33:08.9570000','II.','Bukovlje',2),
(195,NULL,'2016-12-21 17:33:09.4670000',NULL,'2016-12-21 17:33:09.4670000','II.','Kamanje',8),
(196,NULL,'2016-12-21 17:33:09.9100000',NULL,'2016-12-21 17:33:09.9100000','II.','Selnica',11),
(197,NULL,'2016-12-21 17:33:10.3700000',NULL,'2016-12-21 17:33:10.3700000','II.','Jakšić',5),
(198,NULL,'2016-12-21 17:33:10.8170000',NULL,'2016-12-21 17:33:10.8170000','II.','Obrovac',16),
(199,NULL,'2016-12-21 17:33:11.2600000',NULL,'2016-12-21 17:33:11.2600000','II.','Posedarje',16),
(200,NULL,'2016-12-21 17:33:11.7200000',NULL,'2016-12-21 17:33:11.7200000','II.','Pakrac',5),
(201,NULL,'2016-12-21 17:33:12.1770000',NULL,'2016-12-21 17:33:12.1770000','II.','Knin',13),
(202,NULL,'2016-12-21 17:33:12.6870000',NULL,'2016-12-21 17:33:12.6870000','II.','Petrovsko',12),
(203,NULL,'2016-12-21 17:33:13.1570000',NULL,'2016-12-21 17:33:13.1570000','II.','Ernestinovo',7),
(204,NULL,'2016-12-21 17:33:13.6030000',NULL,'2016-12-21 17:33:13.6030000','II.','Barilovići',8),
(205,NULL,'2016-12-21 17:33:14.0670000',NULL,'2016-12-21 17:33:14.0670000','II.','Klakar',2),
(206,NULL,'2016-12-21 17:33:14.5430000',NULL,'2016-12-21 17:33:14.5430000','II.','Legrad',9),
(207,NULL,'2016-12-21 17:33:14.9900000',NULL,'2016-12-21 17:33:14.9900000','II.','Hercegovac',4),
(208,NULL,'2016-12-21 17:33:15.4570000',NULL,'2016-12-21 17:33:15.4570000','II.','Gornji Mihaljevec',11),
(209,NULL,'2016-12-21 17:33:15.9800000',NULL,'2016-12-21 17:33:15.9800000','II.','Benkovac',16),
(210,NULL,'2016-12-21 17:33:16.4270000',NULL,'2016-12-21 17:33:16.4270000','II.','Andrijaševci',3),
(211,NULL,'2016-12-21 17:33:16.8730000',NULL,'2016-12-21 17:33:16.8730000','II.','Antunovac',7),
(212,NULL,'2016-12-21 17:33:17.3300000',NULL,'2016-12-21 17:33:17.3300000','II.','Garešnica',4),
(213,NULL,'2016-12-21 17:33:17.7730000',NULL,'2016-12-21 17:33:17.7730000','II.','Koprivnički Bregi',9),
(214,NULL,'2016-12-21 17:33:18.2200000',NULL,'2016-12-21 17:33:18.2200000','II.','Skradin',13),
(215,NULL,'2016-12-21 17:33:18.6670000',NULL,'2016-12-21 17:33:18.6670000','II.','Martijanec',14),
(216,NULL,'2016-12-21 17:33:19.1730000',NULL,'2016-12-21 17:33:19.1730000','II.','Pokupsko',18),
(217,NULL,'2016-12-21 17:33:19.6300000',NULL,'2016-12-21 17:33:19.6300000','II.','Slatina',1),
(218,NULL,'2016-12-21 17:33:20.0800000',NULL,'2016-12-21 17:33:20.0800000','II.','Mala Subotica',11),
(219,NULL,'2016-12-21 17:33:20.5300000',NULL,'2016-12-21 17:33:20.5300000','II.','Vukovar',3),
(220,NULL,'2016-12-21 17:33:20.9770000',NULL,'2016-12-21 17:33:20.9770000','II.','Netretić',8),
(221,NULL,'2016-12-21 17:33:21.4330000',NULL,'2016-12-21 17:33:21.4330000','II.','Vuka',7),
(222,NULL,'2016-12-21 17:33:21.8770000',NULL,'2016-12-21 17:33:21.8770000','II.','Pribislavec',11),
(223,NULL,'2016-12-21 17:33:22.3830000',NULL,'2016-12-21 17:33:22.3830000','II.','Topusko',6),
(224,NULL,'2016-12-21 17:33:22.8300000',NULL,'2016-12-21 17:33:22.8300000','II.','Budinščina',12),
(225,NULL,'2016-12-21 17:33:23.2730000',NULL,'2016-12-21 17:33:23.2730000','II.','Ilok',3),
(226,NULL,'2016-12-21 17:33:23.7200000',NULL,'2016-12-21 17:33:23.7200000','II.','Slunj',8),
(227,NULL,'2016-12-21 17:33:24.1730000',NULL,'2016-12-21 17:33:24.1730000','II.','Sirač',4),
(228,NULL,'2016-12-21 17:33:24.6330000',NULL,'2016-12-21 17:33:24.6330000','II.','Belišće',7),
(229,NULL,'2016-12-21 17:33:25.0830000',NULL,'2016-12-21 17:33:25.0830000','II.','Otočac',10),
(230,NULL,'2016-12-21 17:33:25.5930000',NULL,'2016-12-21 17:33:25.5930000','II.','Čeminac',7),
(231,NULL,'2016-12-21 17:33:26.0430000',NULL,'2016-12-21 17:33:26.0430000','II.','Breznica',14),
(232,NULL,'2016-12-21 17:33:26.4970000',NULL,'2016-12-21 17:33:26.4970000','II.','Nuštar',3),
(233,NULL,'2016-12-21 17:33:26.9630000',NULL,'2016-12-21 17:33:26.9630000','II.','Bizovac',7),
(234,NULL,'2016-12-21 17:33:27.4100000',NULL,'2016-12-21 17:33:27.4100000','II.','Lobor',12),
(235,NULL,'2016-12-21 17:33:27.8630000',NULL,'2016-12-21 17:33:27.8630000','II.','Muć',15),
(236,NULL,'2016-12-21 17:33:28.3070000',NULL,'2016-12-21 17:33:28.3070000','II.','Čazma',4),
(237,NULL,'2016-12-21 17:33:28.8170000',NULL,'2016-12-21 17:33:28.8170000','II.','Gola',9),
(238,NULL,'2016-12-21 17:33:29.2670000',NULL,'2016-12-21 17:33:29.2670000','II.','Kula Norinska',17),
(239,NULL,'2016-12-21 17:33:29.7530000',NULL,'2016-12-21 17:33:29.7530000','II.','Belica',11),
(240,NULL,'2016-12-21 17:33:30.2030000',NULL,'2016-12-21 17:33:30.2030000','II.','Đakovo',7),
(241,NULL,'2016-12-21 17:33:30.6530000',NULL,'2016-12-21 17:33:30.6530000','II.','VRSI',16),
(242,NULL,'2016-12-21 17:33:31.1070000',NULL,'2016-12-21 17:33:31.1070000','II.','Zagorska Sela',12),
(243,NULL,'2016-12-21 17:33:31.5600000',NULL,'2016-12-21 17:33:31.5600000','II.','Unešić',13),
(244,NULL,'2016-12-21 17:33:32.0700000',NULL,'2016-12-21 17:33:32.0700000','II.','Gornja Stubica',12),
(245,NULL,'2016-12-21 17:33:32.5300000',NULL,'2016-12-21 17:33:32.5300000','II.','Petrijevci',7),
(246,NULL,'2016-12-21 17:33:32.9730000',NULL,'2016-12-21 17:33:32.9730000','II.','Imotski',15),
(247,NULL,'2016-12-21 17:33:33.4400000',NULL,'2016-12-21 17:33:33.4400000','II.','Generalski Stol',8),
(248,NULL,'2016-12-21 17:33:33.9030000',NULL,'2016-12-21 17:33:33.9030000','II.','Bilje',7),
(249,NULL,'2016-12-21 17:33:34.3500000',NULL,'2016-12-21 17:33:34.3500000','II.','Kotoriba',11),
(250,NULL,'2016-12-21 17:33:34.7970000',NULL,'2016-12-21 17:33:34.7970000','II.','Kijevo',13),
(251,NULL,'2016-12-21 17:33:35.3070000',NULL,'2016-12-21 17:33:35.3070000','II.','Drnje',9),
(252,NULL,'2016-12-21 17:33:35.7630000',NULL,'2016-12-21 17:33:35.7630000','II.','Orle',18),
(253,NULL,'2016-12-21 17:33:36.2070000',NULL,'2016-12-21 17:33:36.2070000','II.','Nova Gradiška',2),
(254,NULL,'2016-12-21 17:33:36.6530000',NULL,'2016-12-21 17:33:36.6530000','II.','Gradec',18),
(255,NULL,'2016-12-21 17:33:37.1030000',NULL,'2016-12-21 17:33:37.1030000','II.','Beli Manastir',7),
(256,NULL,'2016-12-21 17:33:37.5470000',NULL,'2016-12-21 17:33:37.5470000','II.','Drniš',13),
(257,NULL,'2016-12-21 17:33:37.9900000',NULL,'2016-12-21 17:33:37.9900000','II.','Promina',13),
(258,NULL,'2016-12-21 17:33:38.5000000',NULL,'2016-12-21 17:33:38.5000000','II.','Prgomet',15),
(259,NULL,'2016-12-21 17:33:38.9470000',NULL,'2016-12-21 17:33:38.9470000','II.','Mursko Središće',11),
(260,NULL,'2016-12-21 17:33:39.4100000',NULL,'2016-12-21 17:33:39.4100000','II.','Mihovljan',12),
(261,NULL,'2016-12-21 17:33:39.8670000',NULL,'2016-12-21 17:33:39.8670000','II.','Polača',16),
(262,NULL,'2016-12-21 17:33:40.3170000',NULL,'2016-12-21 17:33:40.3170000','II.','Ston',17),
(263,NULL,'2016-12-21 17:33:40.7600000',NULL,'2016-12-21 17:33:40.7600000','II.','Lipik',5),
(264,NULL,'2016-12-21 17:33:41.2100000',NULL,'2016-12-21 17:33:41.2100000','II.','Tovarnik',3),
(265,NULL,'2016-12-21 17:33:41.7270000',NULL,'2016-12-21 17:33:41.7270000','III.','Ozalj',8),
(266,NULL,'2016-12-21 17:33:42.1800000',NULL,'2016-12-21 17:33:42.1800000','III.','Donji Vidovec',11),
(267,NULL,'2016-12-21 17:33:42.6470000',NULL,'2016-12-21 17:33:42.6470000','III.','Jesenje',12),
(268,NULL,'2016-12-21 17:33:43.0900000',NULL,'2016-12-21 17:33:43.0900000','III.','Sveti Martin na Muri',11),
(269,NULL,'2016-12-21 17:33:43.5400000',NULL,'2016-12-21 17:33:43.5400000','III.','Lećevica',15),
(270,NULL,'2016-12-21 17:33:43.9870000',NULL,'2016-12-21 17:33:43.9870000','III.','Petrijanec',14),
(271,NULL,'2016-12-21 17:33:44.4370000',NULL,'2016-12-21 17:33:44.4370000','III.','Županja',3),
(272,NULL,'2016-12-21 17:33:44.9470000',NULL,'2016-12-21 17:33:44.9470000','III.','Donji Miholjac',7),
(273,NULL,'2016-12-21 17:33:45.3970000',NULL,'2016-12-21 17:33:45.3970000','III.','Krašić',18),
(274,NULL,'2016-12-21 17:33:45.8470000',NULL,'2016-12-21 17:33:45.8470000','III.','Brckovljani',18),
(275,NULL,'2016-12-21 17:33:46.2900000',NULL,'2016-12-21 17:33:46.2900000','III.','Klenovnik',14),
(276,NULL,'2016-12-21 17:33:46.7400000',NULL,'2016-12-21 17:33:46.7400000','III.','Vratišinec',11),
(277,NULL,'2016-12-21 17:33:47.1870000',NULL,'2016-12-21 17:33:47.1870000','III.','Hrašćina',12),
(278,NULL,'2016-12-21 17:33:47.6400000',NULL,'2016-12-21 17:33:47.6400000','III.','Pregrada',12),
(279,NULL,'2016-12-21 17:33:48.1670000',NULL,'2016-12-21 17:33:48.1670000','III.','Đelekovec',9),
(280,NULL,'2016-12-21 17:33:48.6100000',NULL,'2016-12-21 17:33:48.6100000','III.','Lepoglava',14),
(281,NULL,'2016-12-21 17:33:49.0600000',NULL,'2016-12-21 17:33:49.0600000','III.','Kraljevec na Sutli',12),
(282,NULL,'2016-12-21 17:33:49.5170000',NULL,'2016-12-21 17:33:49.5170000','III.','Mače',12),
(283,NULL,'2016-12-21 17:33:49.9630000',NULL,'2016-12-21 17:33:49.9630000','III.','Čepin',7),
(284,NULL,'2016-12-21 17:33:50.4130000',NULL,'2016-12-21 17:33:50.4130000','III.','Podravske Sesvete',9),
(285,NULL,'2016-12-21 17:33:50.8630000',NULL,'2016-12-21 17:33:50.8630000','III.','Jalžabet',14),
(286,NULL,'2016-12-21 17:33:51.3870000',NULL,'2016-12-21 17:33:51.3870000','III.','Smokvica',17),
(287,NULL,'2016-12-21 17:33:51.8330000',NULL,'2016-12-21 17:33:51.8330000','III.','Đurmanec',12),
(288,NULL,'2016-12-21 17:33:52.2830000',NULL,'2016-12-21 17:33:52.2830000','III.','Ražanac',16),
(289,NULL,'2016-12-21 17:33:52.7270000',NULL,'2016-12-21 17:33:52.7270000','III.','Pojezerje',17),
(290,NULL,'2016-12-21 17:33:53.1770000',NULL,'2016-12-21 17:33:53.1770000','III.','Breznički Hum',14),
(291,NULL,'2016-12-21 17:33:53.6170000',NULL,'2016-12-21 17:33:53.6170000','III.','Plitvička Jezera',10),
(292,NULL,'2016-12-21 17:33:54.0600000',NULL,'2016-12-21 17:33:54.0600000','III.','Bibinje',16),
(293,NULL,'2016-12-21 17:33:54.5770000',NULL,'2016-12-21 17:33:54.5770000','III.','Zemunik Donji',16),
(294,NULL,'2016-12-21 17:33:55.0230000',NULL,'2016-12-21 17:33:55.0230000','III.','Bedenica',18),
(295,NULL,'2016-12-21 17:33:55.4970000',NULL,'2016-12-21 17:33:55.4970000','III.','Sveti Juraj na Bregu',11),
(296,NULL,'2016-12-21 17:33:55.9570000',NULL,'2016-12-21 17:33:55.9570000','III.','Kumrovec',12),
(297,NULL,'2016-12-21 17:33:56.3970000',NULL,'2016-12-21 17:33:56.3970000','III.','Novigrad Podravski',9),
(298,NULL,'2016-12-21 17:33:56.8430000',NULL,'2016-12-21 17:33:56.8430000','III.','Donja Dubrava',11),
(299,NULL,'2016-12-21 17:33:57.2870000',NULL,'2016-12-21 17:33:57.2870000','III.','Vidovec',14),
(300,NULL,'2016-12-21 17:33:57.8100000',NULL,'2016-12-21 17:33:57.8100000','III.','Vrgorac',15),
(301,NULL,'2016-12-21 17:33:58.2730000',NULL,'2016-12-21 17:33:58.2730000','III.','Valpovo',7),
(302,NULL,'2016-12-21 17:33:58.7170000',NULL,'2016-12-21 17:33:58.7170000','III.','Maruševec',14),
(303,NULL,'2016-12-21 17:33:59.1830000',NULL,'2016-12-21 17:33:59.1830000','III.','Dicmo',15),
(304,NULL,'2016-12-21 17:33:59.6500000',NULL,'2016-12-21 17:33:59.6500000','III.','Metković',17),
(305,NULL,'2016-12-21 17:34:00.0970000',NULL,'2016-12-21 17:34:00.0970000','III.','Našice',7),
(306,NULL,'2016-12-21 17:34:00.5430000',NULL,'2016-12-21 17:34:00.5430000','III.','Dekanovec',11),
(307,NULL,'2016-12-21 17:34:01.0600000',NULL,'2016-12-21 17:34:01.0600000','III.','Lekenik',6),
(308,NULL,'2016-12-21 17:34:01.5200000',NULL,'2016-12-21 17:34:01.5200000','III.','Goričan',11),
(309,NULL,'2016-12-21 17:34:01.9870000',NULL,'2016-12-21 17:34:01.9870000','III.','Vinica',14),
(310,NULL,'2016-12-21 17:34:02.4330000',NULL,'2016-12-21 17:34:02.4330000','III.','Draganić',8),
(311,NULL,'2016-12-21 17:34:02.8800000',NULL,'2016-12-21 17:34:02.8800000','III.','Primorski Dolac',15),
(312,NULL,'2016-12-21 17:34:03.3370000',NULL,'2016-12-21 17:34:03.3370000','III.','Đurđevac',9),
(313,NULL,'2016-12-21 17:34:03.7930000',NULL,'2016-12-21 17:34:03.7930000','III.','Jasenice',16),
(314,NULL,'2016-12-21 17:34:04.3270000',NULL,'2016-12-21 17:34:04.3270000','III.','Rugvica',18),
(315,NULL,'2016-12-21 17:34:04.7770000',NULL,'2016-12-21 17:34:04.7770000','III.','Popovača',6),
(316,NULL,'2016-12-21 17:34:05.2230000',NULL,'2016-12-21 17:34:05.2230000','III.','Sinj',15),
(317,NULL,'2016-12-21 17:34:05.6700000',NULL,'2016-12-21 17:34:05.6700000','III.','Sveta Marija',11),
(318,NULL,'2016-12-21 17:34:06.1200000',NULL,'2016-12-21 17:34:06.1200000','III.','Lipovljani',6),
(319,NULL,'2016-12-21 17:34:06.5770000',NULL,'2016-12-21 17:34:06.5770000','III.','Donji Kraljevec',11),
(320,NULL,'2016-12-21 17:34:07.0270000',NULL,'2016-12-21 17:34:07.0270000','III.','Veliki Bukovec',14),
(321,NULL,'2016-12-21 17:34:07.5400000',NULL,'2016-12-21 17:34:07.5400000','III.','Galovac',16),
(322,NULL,'2016-12-21 17:34:07.9900000',NULL,'2016-12-21 17:34:07.9900000','III.','Bedekovčina',12),
(323,NULL,'2016-12-21 17:34:08.4430000',NULL,'2016-12-21 17:34:08.4430000','III.','Radoboj',12),
(324,NULL,'2016-12-21 17:34:08.8870000',NULL,'2016-12-21 17:34:08.8870000','III.','Opuzen',17),
(325,NULL,'2016-12-21 17:34:09.3470000',NULL,'2016-12-21 17:34:09.3470000','III.','Pakoštane',16),
(326,NULL,'2016-12-21 17:34:09.7900000',NULL,'2016-12-21 17:34:09.7900000','III.','Slavonski Brod',2),
(327,NULL,'2016-12-21 17:34:10.2370000',NULL,'2016-12-21 17:34:10.2370000','III.','Koprivnički Ivanec',9),
(328,NULL,'2016-12-21 17:34:10.7530000',NULL,'2016-12-21 17:34:10.7530000','III.','Nedelišće',11),
(329,NULL,'2016-12-21 17:34:11.2230000',NULL,'2016-12-21 17:34:11.2230000','III.','Sveti Križ Začretje',12),
(330,NULL,'2016-12-21 17:34:11.6770000',NULL,'2016-12-21 17:34:11.6770000','III.','Kloštar Ivanić',18),
(331,NULL,'2016-12-21 17:34:12.1270000',NULL,'2016-12-21 17:34:12.1270000','III.','Marina',15),
(332,NULL,'2016-12-21 17:34:12.5730000',NULL,'2016-12-21 17:34:12.5730000','III.','Seget',15),
(333,NULL,'2016-12-21 17:34:13.0230000',NULL,'2016-12-21 17:34:13.0230000','III.','Beretinec',14),
(334,NULL,'2016-12-21 17:34:13.4730000',NULL,'2016-12-21 17:34:13.4730000','III.','Ljubešćica',14),
(335,NULL,'2016-12-21 17:34:14.0000000',NULL,'2016-12-21 17:34:14.0000000','III.','Tuhelj',12),
(336,NULL,'2016-12-21 17:34:14.4430000',NULL,'2016-12-21 17:34:14.4430000','III.','Vrbovsko',19),
(337,NULL,'2016-12-21 17:34:14.8970000',NULL,'2016-12-21 17:34:14.8970000','III.','Sveti Ilija',14),
(338,NULL,'2016-12-21 17:34:15.3630000',NULL,'2016-12-21 17:34:15.3630000','III.','Novi Golubovec',12),
(339,NULL,'2016-12-21 17:34:15.8230000',NULL,'2016-12-21 17:34:15.8230000','III.','Zlatar',12),
(340,NULL,'2016-12-21 17:34:16.2830000',NULL,'2016-12-21 17:34:16.2830000','III.','Sračinec',14),
(341,NULL,'2016-12-21 17:34:16.7430000',NULL,'2016-12-21 17:34:16.7430000','III.','Sukošan',16),
(342,NULL,'2016-12-21 17:34:17.2830000',NULL,'2016-12-21 17:34:17.2830000','III.','Križ',18),
(343,NULL,'2016-12-21 17:34:17.7300000',NULL,'2016-12-21 17:34:17.7300000','III.','Luka',18),
(344,NULL,'2016-12-21 17:34:18.1800000',NULL,'2016-12-21 17:34:18.1800000','III.','Križevci',9),
(345,NULL,'2016-12-21 17:34:18.6400000',NULL,'2016-12-21 17:34:18.6400000','III.','Vrbovec',18),
(346,NULL,'2016-12-21 17:34:19.0970000',NULL,'2016-12-21 17:34:19.0970000','III.','Kravarsko',18),
(347,NULL,'2016-12-21 17:34:19.5630000',NULL,'2016-12-21 17:34:19.5630000','III.','Klanjec',12),
(348,NULL,'2016-12-21 17:34:20.0070000',NULL,'2016-12-21 17:34:20.0070000','III.','Orahovica',1),
(349,NULL,'2016-12-21 17:34:20.5170000',NULL,'2016-12-21 17:34:20.5170000','III.','Požega',5),
(350,NULL,'2016-12-21 17:34:20.9830000',NULL,'2016-12-21 17:34:20.9830000','III.','Novi Marof',14),
(351,NULL,'2016-12-21 17:34:21.4430000',NULL,'2016-12-21 17:34:21.4430000','III.','Veliko Trgovišće',12),
(352,NULL,'2016-12-21 17:34:21.8900000',NULL,'2016-12-21 17:34:21.8900000','III.','Cerovlje',20),
(353,NULL,'2016-12-21 17:34:22.3270000',NULL,'2016-12-21 17:34:22.3270000','III.','Komiža',15),
(354,NULL,'2016-12-21 17:34:22.7730000',NULL,'2016-12-21 17:34:22.7730000','III.','Prelog',11),
(355,NULL,'2016-12-21 17:34:23.2330000',NULL,'2016-12-21 17:34:23.2330000','III.','Perušić',10),
(356,NULL,'2016-12-21 17:34:23.7400000',NULL,'2016-12-21 17:34:23.7400000','III.','Daruvar',4),
(357,NULL,'2016-12-21 17:34:24.1830000',NULL,'2016-12-21 17:34:24.1830000','III.','Virovitica',1),
(358,NULL,'2016-12-21 17:34:24.6300000',NULL,'2016-12-21 17:34:24.6300000','III.','Dubravica',18),
(359,NULL,'2016-12-21 17:34:25.0870000',NULL,'2016-12-21 17:34:25.0870000','III.','Klis',15),
(360,NULL,'2016-12-21 17:34:25.5300000',NULL,'2016-12-21 17:34:25.5300000','III.','Vela Luka',17),
(361,NULL,'2016-12-21 17:34:25.9730000',NULL,'2016-12-21 17:34:25.9730000','III.','Sveti Filip i Jakov',16),
(362,NULL,'2016-12-21 17:34:26.4230000',NULL,'2016-12-21 17:34:26.4230000','III.','Duga Resa',8),
(363,NULL,'2016-12-21 17:34:26.9370000',NULL,'2016-12-21 17:34:26.9370000','III.','Donja Stubica',12),
(364,NULL,'2016-12-21 17:34:27.3930000',NULL,'2016-12-21 17:34:27.3930000','III.','Strahoninec',11),
(365,NULL,'2016-12-21 17:34:27.8400000',NULL,'2016-12-21 17:34:27.8400000','III.','Omiš',15),
(366,NULL,'2016-12-21 17:34:28.2870000',NULL,'2016-12-21 17:34:28.2870000','III.','Jakovlje',18),
(367,NULL,'2016-12-21 17:34:28.7470000',NULL,'2016-12-21 17:34:28.7470000','III.','Motovun',20),
(368,NULL,'2016-12-21 17:34:29.2000000',NULL,'2016-12-21 17:34:29.2000000','III.','Gospić',10),
(369,NULL,'2016-12-21 17:34:29.6600000',NULL,'2016-12-21 17:34:29.6600000','III.','Selca',15),
(370,NULL,'2016-12-21 17:34:30.1970000',NULL,'2016-12-21 17:34:30.1970000','III.','Varaždinske Toplice',14),
(371,NULL,'2016-12-21 17:34:30.6600000',NULL,'2016-12-21 17:34:30.6600000','III.','Marija Bistrica',12),
(372,NULL,'2016-12-21 17:34:31.1070000',NULL,'2016-12-21 17:34:31.1070000','III.','Karojba',20),
(373,NULL,'2016-12-21 17:34:31.5630000',NULL,'2016-12-21 17:34:31.5630000','III.','Vinkovci',3),
(374,NULL,'2016-12-21 17:34:32.0330000',NULL,'2016-12-21 17:34:32.0330000','III.','Dugi Rat',15),
(375,NULL,'2016-12-21 17:34:32.4870000',NULL,'2016-12-21 17:34:32.4870000','III.','Senj',10),
(376,NULL,'2016-12-21 17:34:32.9400000',NULL,'2016-12-21 17:34:32.9400000','III.','Bjelovar',4),
(377,NULL,'2016-12-21 17:34:33.4600000',NULL,'2016-12-21 17:34:33.4600000','III.','Ogulin',8),
(378,NULL,'2016-12-21 17:34:33.9000000',NULL,'2016-12-21 17:34:33.9000000','III.','Lumbarda',17),
(379,NULL,'2016-12-21 17:34:34.3530000',NULL,'2016-12-21 17:34:34.3530000','III.','Orebić',17),
(380,NULL,'2016-12-21 17:34:34.8030000',NULL,'2016-12-21 17:34:34.8030000','III.','Gradac',15),
(381,NULL,'2016-12-21 17:34:35.2630000',NULL,'2016-12-21 17:34:35.2630000','III.','Kaštela',15),
(382,NULL,'2016-12-21 17:34:35.7170000',NULL,'2016-12-21 17:34:35.7170000','III.','Pirovac',13),
(383,NULL,'2016-12-21 17:34:36.1600000',NULL,'2016-12-21 17:34:36.1600000','III.','Janjina',17),
(384,NULL,'2016-12-21 17:34:36.7030000',NULL,'2016-12-21 17:34:36.7030000','III.','Ivanec',14),
(385,NULL,'2016-12-21 17:34:37.1700000',NULL,'2016-12-21 17:34:37.1700000','III.','Bilice',13),
(386,NULL,'2016-12-21 17:34:37.6200000',NULL,'2016-12-21 17:34:37.6200000','III.','Čabar',19),
(387,NULL,'2016-12-21 17:34:38.0970000',NULL,'2016-12-21 17:34:38.0970000','III.','Pučišća',15),
(388,NULL,'2016-12-21 17:34:38.5500000',NULL,'2016-12-21 17:34:38.5500000','III.','Brod Moravice',19),
(389,NULL,'2016-12-21 17:34:39.0030000',NULL,'2016-12-21 17:34:39.0030000','III.','Kutina',6),
(390,NULL,'2016-12-21 17:34:39.4770000',NULL,'2016-12-21 17:34:39.4770000','III.','Konjščina',12),
(391,NULL,'2016-12-21 17:34:40.0070000',NULL,'2016-12-21 17:34:40.0070000','III.','Privlaka (Zadar)',16),
(392,NULL,'2016-12-21 17:34:40.4600000',NULL,'2016-12-21 17:34:40.4600000','III.','Lovinac',10),
(393,NULL,'2016-12-21 17:34:40.9070000',NULL,'2016-12-21 17:34:40.9070000','III.','Sveti Ivan Zelina',18),
(394,NULL,'2016-12-21 17:34:41.3470000',NULL,'2016-12-21 17:34:41.3470000','III.','Dubrovačko primorje',17),
(395,NULL,'2016-12-21 17:34:41.7930000',NULL,'2016-12-21 17:34:41.7930000','III.','Velika Ludina',6),
(396,NULL,'2016-12-21 17:34:42.2470000',NULL,'2016-12-21 17:34:42.2470000','III.','Trnovec Bartolovečki',14),
(397,NULL,'2016-12-21 17:34:42.6970000',NULL,'2016-12-21 17:34:42.6970000','III.','Oroslavje',12),
(398,NULL,'2016-12-21 17:34:43.2030000',NULL,'2016-12-21 17:34:43.2030000','III.','Hum na Sutli',12),
(399,NULL,'2016-12-21 17:34:43.6570000',NULL,'2016-12-21 17:34:43.6570000','III.','Oprtalj',20),
(400,NULL,'2016-12-21 17:34:44.1170000',NULL,'2016-12-21 17:34:44.1170000','III.','Sućuraj',15),
(401,NULL,'2016-12-21 17:34:44.5630000',NULL,'2016-12-21 17:34:44.5630000','III.','Ludbreg',14),
(402,NULL,'2016-12-21 17:34:45.0030000',NULL,'2016-12-21 17:34:45.0030000','III.','Trpanj',17),
(403,NULL,'2016-12-21 17:34:45.4500000',NULL,'2016-12-21 17:34:45.4500000','III.','Blato',17),
(404,NULL,'2016-12-21 17:34:45.8930000',NULL,'2016-12-21 17:34:45.8930000','III.','Gornji Kneginec',14),
(405,NULL,'2016-12-21 17:34:46.4030000',NULL,'2016-12-21 17:34:46.4030000','III.','Gračišće',20),
(406,NULL,'2016-12-21 17:34:46.8530000',NULL,'2016-12-21 17:34:46.8530000','III.','Pašman',16),
(407,NULL,'2016-12-21 17:34:47.2970000',NULL,'2016-12-21 17:34:47.2970000','III.','Ploče',17),
(408,NULL,'2016-12-21 17:34:47.7430000',NULL,'2016-12-21 17:34:47.7430000','III.','Pisarovina',18),
(409,NULL,'2016-12-21 17:34:48.1900000',NULL,'2016-12-21 17:34:48.1900000','III.','Klinča Sela',18),
(410,NULL,'2016-12-21 17:34:48.6400000',NULL,'2016-12-21 17:34:48.6400000','III.','Zlatar-Bistrica',12),
(411,NULL,'2016-12-21 17:34:49.0900000',NULL,'2016-12-21 17:34:49.0900000','III.','Nerežišća',15),
(412,NULL,'2016-12-21 17:34:49.6030000',NULL,'2016-12-21 17:34:49.6030000','III.','Lanišće',20),
(413,NULL,'2016-12-21 17:34:50.0770000',NULL,'2016-12-21 17:34:50.0770000','III.','Krapina',12),
(414,NULL,'2016-12-21 17:34:50.5470000',NULL,'2016-12-21 17:34:50.5470000','III.','Grožnjan',20),
(415,NULL,'2016-12-21 17:34:50.9970000',NULL,'2016-12-21 17:34:50.9970000','III.','Molve',9),
(416,NULL,'2016-12-21 17:34:51.4470000',NULL,'2016-12-21 17:34:51.4470000','III.','Podstrana',15),
(417,NULL,'2016-12-21 17:34:51.8930000',NULL,'2016-12-21 17:34:51.8930000','III.','Ravna Gora',19),
(418,NULL,'2016-12-21 17:34:52.3470000',NULL,'2016-12-21 17:34:52.3470000','III.','Mrkopalj',19),
(419,NULL,'2016-12-21 17:34:52.8530000',NULL,'2016-12-21 17:34:52.8530000','III.','Korčula',17),
(420,NULL,'2016-12-21 17:34:53.3500000',NULL,'2016-12-21 17:34:53.3500000','III.','Bistra',18),
(421,NULL,'2016-12-21 17:34:53.8000000',NULL,'2016-12-21 17:34:53.8000000','III.','Marija Gorica',18),
(422,NULL,'2016-12-21 17:34:54.2470000',NULL,'2016-12-21 17:34:54.2470000','III.','Jelenje',19),
(423,NULL,'2016-12-21 17:34:54.6970000',NULL,'2016-12-21 17:34:54.6970000','III.','Krapinske Toplice',12),
(424,NULL,'2016-12-21 17:34:55.1470000',NULL,'2016-12-21 17:34:55.1470000','III.','Starigrad',16),
(425,NULL,'2016-12-21 17:34:55.5900000',NULL,'2016-12-21 17:34:55.5900000','III.','Tkon',16),
(426,NULL,'2016-12-21 17:34:56.1000000',NULL,'2016-12-21 17:34:56.1000000','III.','Ivanić-Grad',18),
(427,NULL,'2016-12-21 17:34:56.5470000',NULL,'2016-12-21 17:34:56.5470000','III.','Karlovac',8),
(428,NULL,'2016-12-21 17:34:56.9970000',NULL,'2016-12-21 17:34:56.9970000','III.','Kalinovac',9),
(429,NULL,'2016-12-21 17:34:57.4500000',NULL,'2016-12-21 17:34:57.4500000','III.','Jelsa',15),
(430,NULL,'2016-12-21 17:34:57.8970000',NULL,'2016-12-21 17:34:57.8970000','III.','Tinjan',20),
(431,NULL,'2016-12-21 17:34:58.3470000',NULL,'2016-12-21 17:34:58.3470000','III.','Okrug',15),
(432,NULL,'2016-12-21 17:34:58.8000000',NULL,'2016-12-21 17:34:58.8000000','III.','Vižinada',20),
(433,NULL,'2016-12-21 17:34:59.3300000',NULL,'2016-12-21 17:34:59.3300000','III.','Tribunj',13),
(434,NULL,'2016-12-21 17:34:59.7970000',NULL,'2016-12-21 17:34:59.7970000','III.','Vodice',13),
(435,NULL,'2016-12-21 17:35:00.2830000',NULL,'2016-12-21 17:35:00.2830000','III.','Sisak',6),
(436,NULL,'2016-12-21 17:35:00.7270000',NULL,'2016-12-21 17:35:00.7270000','III.','Mljet',17),
(437,NULL,'2016-12-21 17:35:01.1700000',NULL,'2016-12-21 17:35:01.1700000','III.','Pušća',18),
(438,NULL,'2016-12-21 17:35:01.6270000',NULL,'2016-12-21 17:35:01.6270000','IV.','Lupoglav',20),
(439,NULL,'2016-12-21 17:35:02.0970000',NULL,'2016-12-21 17:35:02.0970000','IV.','Šenkovec',11),
(440,NULL,'2016-12-21 17:35:02.6170000',NULL,'2016-12-21 17:35:02.6170000','IV.','Pićan',20),
(441,NULL,'2016-12-21 17:35:03.0870000',NULL,'2016-12-21 17:35:03.0870000','IV.','Sveti Petar u Šumi',20),
(442,NULL,'2016-12-21 17:35:03.5330000',NULL,'2016-12-21 17:35:03.5330000','IV.','Trogir',15),
(443,NULL,'2016-12-21 17:35:03.9770000',NULL,'2016-12-21 17:35:03.9770000','IV.','Čavle',19),
(444,NULL,'2016-12-21 17:35:04.4270000',NULL,'2016-12-21 17:35:04.4270000','IV.','Tisno',13),
(445,NULL,'2016-12-21 17:35:04.9100000',NULL,'2016-12-21 17:35:04.9100000','IV.','Osijek',7),
(446,NULL,'2016-12-21 17:35:05.3700000',NULL,'2016-12-21 17:35:05.3700000','IV.','Župa dubrovačka',17),
(447,NULL,'2016-12-21 17:35:05.8830000',NULL,'2016-12-21 17:35:05.8830000','IV.','Vis',15),
(448,NULL,'2016-12-21 17:35:06.3330000',NULL,'2016-12-21 17:35:06.3330000','IV.','Preko',16),
(449,NULL,'2016-12-21 17:35:06.7800000',NULL,'2016-12-21 17:35:06.7800000','IV.','Stubičke Toplice',12),
(450,NULL,'2016-12-21 17:35:07.2370000',NULL,'2016-12-21 17:35:07.2370000','IV.','Stari Grad',15),
(451,NULL,'2016-12-21 17:35:07.6900000',NULL,'2016-12-21 17:35:07.6900000','IV.','Sali',16),
(452,NULL,'2016-12-21 17:35:08.1570000',NULL,'2016-12-21 17:35:08.1570000','IV.','Čakovec',11),
(453,NULL,'2016-12-21 17:35:08.6030000',NULL,'2016-12-21 17:35:08.6030000','IV.','Murter',13),
(454,NULL,'2016-12-21 17:35:09.1130000',NULL,'2016-12-21 17:35:09.1130000','IV.','Delnice',19),
(455,NULL,'2016-12-21 17:35:09.5700000',NULL,'2016-12-21 17:35:09.5700000','IV.','Kali',16),
(456,NULL,'2016-12-21 17:35:10.0170000',NULL,'2016-12-21 17:35:10.0170000','IV.','Podgora',15),
(457,NULL,'2016-12-21 17:35:10.4700000',NULL,'2016-12-21 17:35:10.4700000','IV.','Klana',19),
(458,NULL,'2016-12-21 17:35:10.9130000',NULL,'2016-12-21 17:35:10.9130000','IV.','Postira',15),
(459,NULL,'2016-12-21 17:35:11.3570000',NULL,'2016-12-21 17:35:11.3570000','IV.','Lastovo',17),
(460,NULL,'2016-12-21 17:35:11.8070000',NULL,'2016-12-21 17:35:11.8070000','IV.','Šibenik',13),
(461,NULL,'2016-12-21 17:35:12.3100000',NULL,'2016-12-21 17:35:12.3100000','IV.','Skrad',19),
(462,NULL,'2016-12-21 17:35:12.7570000',NULL,'2016-12-21 17:35:12.7570000','IV.','Raša',20),
(463,NULL,'2016-12-21 17:35:13.2100000',NULL,'2016-12-21 17:35:13.2100000','IV.','Jastrebarsko',18),
(464,NULL,'2016-12-21 17:35:13.6630000',NULL,'2016-12-21 17:35:13.6630000','IV.','Povljana',16),
(465,NULL,'2016-12-21 17:35:14.1130000',NULL,'2016-12-21 17:35:14.1130000','IV.','Brdovec',18),
(466,NULL,'2016-12-21 17:35:14.5570000',NULL,'2016-12-21 17:35:14.5570000','IV.','Tučepi',15),
(467,NULL,'2016-12-21 17:35:15.0070000',NULL,'2016-12-21 17:35:15.0070000','IV.','Solin',15),
(468,NULL,'2016-12-21 17:35:15.5230000',NULL,'2016-12-21 17:35:15.5230000','IV.','Buje',20),
(469,NULL,'2016-12-21 17:35:15.9800000',NULL,'2016-12-21 17:35:15.9800000','IV.','Svetvinčenat',20),
(470,NULL,'2016-12-21 17:35:16.4430000',NULL,'2016-12-21 17:35:16.4430000','IV.','Konavle',17),
(471,NULL,'2016-12-21 17:35:16.9270000',NULL,'2016-12-21 17:35:16.9270000','IV.','Split',15),
(472,NULL,'2016-12-21 17:35:17.3770000',NULL,'2016-12-21 17:35:17.3770000','IV.','Sveti Lovreč',20),
(473,NULL,'2016-12-21 17:35:17.8270000',NULL,'2016-12-21 17:35:17.8270000','IV.','Dugo Selo',18),
(474,NULL,'2016-12-21 17:35:18.2730000',NULL,'2016-12-21 17:35:18.2730000','IV.','Višnjan',20),
(475,NULL,'2016-12-21 17:35:18.7870000',NULL,'2016-12-21 17:35:18.7870000','IV.','Vinodolska općina',19),
(476,NULL,'2016-12-21 17:35:19.2600000',NULL,'2016-12-21 17:35:19.2600000','IV.','Pag',16),
(477,NULL,'2016-12-21 17:35:19.7130000',NULL,'2016-12-21 17:35:19.7130000','IV.','Žminj',20),
(478,NULL,'2016-12-21 17:35:20.1570000',NULL,'2016-12-21 17:35:20.1570000','IV.','Zabok',12),
(479,NULL,'2016-12-21 17:35:20.6130000',NULL,'2016-12-21 17:35:20.6130000','IV.','Zadar',16),
(480,NULL,'2016-12-21 17:35:21.0670000',NULL,'2016-12-21 17:35:21.0670000','IV.','Barban',20),
(481,NULL,'2016-12-21 17:35:21.5130000',NULL,'2016-12-21 17:35:21.5130000','IV.','Lokve',19),
(482,NULL,'2016-12-21 17:35:22.0270000',NULL,'2016-12-21 17:35:22.0270000','IV.','Milna',15),
(483,NULL,'2016-12-21 17:35:22.4700000',NULL,'2016-12-21 17:35:22.4700000','IV.','Sveta Nedelja (Istra)',20),
(484,NULL,'2016-12-21 17:35:22.9130000',NULL,'2016-12-21 17:35:22.9130000','IV.','Kraljevica',19),
(485,NULL,'2016-12-21 17:35:23.3570000',NULL,'2016-12-21 17:35:23.3570000','IV.','Nin',16),
(486,NULL,'2016-12-21 17:35:23.8070000',NULL,'2016-12-21 17:35:23.8070000','IV.','Pazin',20),
(487,NULL,'2016-12-21 17:35:24.2770000',NULL,'2016-12-21 17:35:24.2770000','IV.','Velika Gorica',18),
(488,NULL,'2016-12-21 17:35:24.7200000',NULL,'2016-12-21 17:35:24.7200000','IV.','Kaštelir - Labinci',20),
(489,NULL,'2016-12-21 17:35:25.2270000',NULL,'2016-12-21 17:35:25.2270000','IV.','Zadvarje',15),
(490,NULL,'2016-12-21 17:35:25.6830000',NULL,'2016-12-21 17:35:25.6830000','IV.','Vodnjan',20),
(491,NULL,'2016-12-21 17:35:26.1230000',NULL,'2016-12-21 17:35:26.1230000','IV.','Koprivnica',9),
(492,NULL,'2016-12-21 17:35:26.5770000',NULL,'2016-12-21 17:35:26.5770000','IV.','Primošten',13),
(493,NULL,'2016-12-21 17:35:27.0230000',NULL,'2016-12-21 17:35:27.0230000','IV.','Rogoznica',13),
(494,NULL,'2016-12-21 17:35:27.4730000',NULL,'2016-12-21 17:35:27.4730000','IV.','Kukljica',16),
(495,NULL,'2016-12-21 17:35:27.9170000',NULL,'2016-12-21 17:35:27.9170000','IV.','Fužine',19),
(496,NULL,'2016-12-21 17:35:28.4270000',NULL,'2016-12-21 17:35:28.4270000','IV.','Brela',15),
(497,NULL,'2016-12-21 17:35:28.8730000',NULL,'2016-12-21 17:35:28.8730000','IV.','Karlobag',10),
(498,NULL,'2016-12-21 17:35:29.3170000',NULL,'2016-12-21 17:35:29.3170000','IV.','Matulji',19),
(499,NULL,'2016-12-21 17:35:29.7670000',NULL,'2016-12-21 17:35:29.7670000','IV.','Supetar',15),
(500,NULL,'2016-12-21 17:35:30.2200000',NULL,'2016-12-21 17:35:30.2200000','IV.','Stupnik',18),
(501,NULL,'2016-12-21 17:35:30.6800000',NULL,'2016-12-21 17:35:30.6800000','IV.','Brtonigla',20),
(502,NULL,'2016-12-21 17:35:31.1300000',NULL,'2016-12-21 17:35:31.1300000','IV.','Marčana',20),
(503,NULL,'2016-12-21 17:35:31.6430000',NULL,'2016-12-21 17:35:31.6430000','IV.','Dugopolje',15),
(504,NULL,'2016-12-21 17:35:32.0900000',NULL,'2016-12-21 17:35:32.0900000','IV.','Rab',19),
(505,NULL,'2016-12-21 17:35:32.5430000',NULL,'2016-12-21 17:35:32.5430000','IV.','Baška Voda',15),
(506,NULL,'2016-12-21 17:35:32.9930000',NULL,'2016-12-21 17:35:32.9930000','IV.','Kastav',19),
(507,NULL,'2016-12-21 17:35:33.4430000',NULL,'2016-12-21 17:35:33.4430000','IV.','Buzet',20),
(508,NULL,'2016-12-21 17:35:33.9330000',NULL,'2016-12-21 17:35:33.9330000','IV.','Rijeka',19),
(509,NULL,'2016-12-21 17:35:34.3830000',NULL,'2016-12-21 17:35:34.3830000','IV.','Labin',20),
(510,NULL,'2016-12-21 17:35:34.9030000',NULL,'2016-12-21 17:35:34.9030000','IV.','Šolta',15),
(511,NULL,'2016-12-21 17:35:35.3500000',NULL,'2016-12-21 17:35:35.3500000','IV.','Varaždin',14),
(512,NULL,'2016-12-21 17:35:35.8070000',NULL,'2016-12-21 17:35:35.8070000','IV.','Mošćenička Draga',19),
(513,NULL,'2016-12-21 17:35:36.2770000',NULL,'2016-12-21 17:35:36.2770000','IV.','Makarska',15),
(514,NULL,'2016-12-21 17:35:36.7270000',NULL,'2016-12-21 17:35:36.7270000','IV.','Pula',20),
(515,NULL,'2016-12-21 17:35:37.1730000',NULL,'2016-12-21 17:35:37.1730000','IV.','LOPAR',19),
(516,NULL,'2016-12-21 17:35:37.6300000',NULL,'2016-12-21 17:35:37.6300000','IV.','Novi Vinodolski',19),
(517,NULL,'2016-12-21 17:35:38.1400000',NULL,'2016-12-21 17:35:38.1400000','IV.','Sveta Nedelja (Samobor',18),
(518,NULL,'2016-12-21 17:35:38.5900000',NULL,'2016-12-21 17:35:38.5900000','IV.','Biograd na moru',16),
(519,NULL,'2016-12-21 17:35:39.0370000',NULL,'2016-12-21 17:35:39.0370000','IV.','Crikvenica',19),
(520,NULL,'2016-12-21 17:35:39.4870000',NULL,'2016-12-21 17:35:39.4870000','IV.','Samobor',18),
(521,NULL,'2016-12-21 17:35:40.0000000',NULL,'2016-12-21 17:35:40.0000000','IV.','Kršan',20),
(522,NULL,'2016-12-21 17:35:40.4430000',NULL,'2016-12-21 17:35:40.4430000','IV.','Bakar',19),
(523,NULL,'2016-12-21 17:35:40.8900000',NULL,'2016-12-21 17:35:40.8900000','IV.','Lovran',19),
(524,NULL,'2016-12-21 17:35:41.4000000',NULL,'2016-12-21 17:35:41.4000000','IV.','Hvar',15),
(525,NULL,'2016-12-21 17:35:41.8470000',NULL,'2016-12-21 17:35:41.8470000','IV.','Ližnjan',20),
(526,NULL,'2016-12-21 17:35:42.2970000',NULL,'2016-12-21 17:35:42.2970000','IV.','Zaprešić',18),
(527,NULL,'2016-12-21 17:35:42.7400000',NULL,'2016-12-21 17:35:42.7400000','IV.','Vrbnik',19),
(528,NULL,'2016-12-21 17:35:43.1830000',NULL,'2016-12-21 17:35:43.1830000','IV.','Kanfanar',20),
(529,NULL,'2016-12-21 17:35:43.6300000',NULL,'2016-12-21 17:35:43.6300000','IV.','Mali Lošinj',19),
(530,NULL,'2016-12-21 17:35:44.0970000',NULL,'2016-12-21 17:35:44.0970000','IV.','Viškovo',19),
(531,NULL,'2016-12-21 17:35:44.6100000',NULL,'2016-12-21 17:35:44.6100000','V.','Novalja',10),
(532,NULL,'2016-12-21 17:35:45.0770000',NULL,'2016-12-21 17:35:45.0770000','V.','Dubrovnik',17),
(533,NULL,'2016-12-21 17:35:45.5270000',NULL,'2016-12-21 17:35:45.5270000','V.','Tar-Vabriga',20),
(534,NULL,'2016-12-21 17:35:45.9730000',NULL,'2016-12-21 17:35:45.9730000','V.','Cres',19),
(535,NULL,'2016-12-21 17:35:46.4370000',NULL,'2016-12-21 17:35:46.4370000','V.','Bale',20),
(536,NULL,'2016-12-21 17:35:46.8870000',NULL,'2016-12-21 17:35:46.8870000','V.','Vrsar',20),
(537,NULL,'2016-12-21 17:35:47.3300000',NULL,'2016-12-21 17:35:47.3300000','V.','Opatija',19),
(538,NULL,'2016-12-21 17:35:47.8330000',NULL,'2016-12-21 17:35:47.8330000','V.','Fažana',20),
(539,NULL,'2016-12-21 17:35:48.2930000',NULL,'2016-12-21 17:35:48.2930000','V.','Kolan',16),
(540,NULL,'2016-12-21 17:35:48.7430000',NULL,'2016-12-21 17:35:48.7430000','V.','Rovinj',20),
(541,NULL,'2016-12-21 17:35:49.1870000',NULL,'2016-12-21 17:35:49.1870000','V.','Poreč',20),
(542,NULL,'2016-12-21 17:35:49.6330000',NULL,'2016-12-21 17:35:49.6330000','V.','Krk',19),
(543,NULL,'2016-12-21 17:35:50.0870000',NULL,'2016-12-21 17:35:50.0870000','V.','Umag',20),
(544,NULL,'2016-12-21 17:35:50.5330000',NULL,'2016-12-21 17:35:50.5330000','V.','Punat',19),
(545,NULL,'2016-12-21 17:35:51.0400000',NULL,'2016-12-21 17:35:51.0400000','V.','Bol',15),
(546,NULL,'2016-12-21 17:35:51.4930000',NULL,'2016-12-21 17:35:51.4930000','V.','Sutivan',15),
(547,NULL,'2016-12-21 17:35:51.9570000',NULL,'2016-12-21 17:35:51.9570000','V.','Dobrinj',19),
(548,NULL,'2016-12-21 17:35:52.3970000',NULL,'2016-12-21 17:35:52.3970000','V.','Grad Zagreb',21),
(549,NULL,'2016-12-21 17:35:52.8430000',NULL,'2016-12-21 17:35:52.8430000','V.','Novigrad (Istra)',20),
(550,NULL,'2016-12-21 17:35:53.2900000',NULL,'2016-12-21 17:35:53.2900000','V.','Medulin',20),
(551,NULL,'2016-12-21 17:35:53.7370000',NULL,'2016-12-21 17:35:53.7370000','V.','Baška',19),
(552,NULL,'2016-12-21 17:35:54.2400000',NULL,'2016-12-21 17:35:54.2400000','V.','Omišalj',19),
(553,NULL,'2016-12-21 17:35:54.7070000',NULL,'2016-12-21 17:35:54.7070000','V.','Malinska-Dubašnica',19),
(554,NULL,'2016-12-21 17:35:55.1530000',NULL,'2016-12-21 17:35:55.1530000','V.','Funtana - Fontane',20),
(555,NULL,'2016-12-21 17:35:55.6000000',NULL,'2016-12-21 17:35:55.6000000','V.','Vir',16),
(556,NULL,'2016-12-21 17:35:56.0470000',NULL,'2016-12-21 17:35:56.0470000','V.','Kostrena',19);

SET IDENTITY_INSERT [dbo].[subdivision2] OFF

INSERT INTO [dbo].[permission] (id, name) VALUES 
(1000,'users'),
(1001,'users.create'),
(1002,'users.read'),
(1003,'users.update'),
(1004,'users.delete'),
(2000,'tenders'),
(2001,'tenders.create'),
(2002,'tenders.read'),
(2003,'tenders.update'),
(2004,'tenders.delete'),
(3000,'investments'),
(3001,'investments.create'),
(3002,'investments.read'),
(3003,'investments.update'),
(3004,'investments.delete'),
(4000,'articles'),
(4001,'articles.create'),
(4002,'articles.read'),
(4003,'articles.update'),
(4004,'articles.delete'),
(8000,'statistics'),
(9000,'settings');

SET IDENTITY_INSERT [dbo].[role] ON
INSERT INTO [dbo].[role] (id, created_by, creation_date, last_modified_by, last_modified_date, name) VALUES 
(1,NULL,'2016-11-22 10:49:06.0000000',NULL,'2016-11-22 10:49:06.0000000','MEUF01');

SET IDENTITY_INSERT [dbo].[role] OFF

INSERT INTO [dbo].[role_permission] (role_id, permission_id) VALUES 
(1,1000),
(1,1001),
(1,1002),
(1,1003),
(1,1004),
(1,2000),
(1,2001),
(1,2002),
(1,2003),
(1,2004),
(1,3000),
(1,3001),
(1,3002),
(1,3003),
(1,3004),
(1,4000),
(1,4001),
(1,4002),
(1,4003),
(1,4004),
(1,8000),
(1,9000);

SET IDENTITY_INSERT [dbo].[user] ON
INSERT INTO [dbo].[user] (id, created_by, creation_date, last_modified_by, last_modified_date, demo_user, email, first_name, last_login, last_name, password, registration_code, registration_code_confirmed, registration_code_sent, status, business_relationship_manager) VALUES 
(1, NULL, '2016-11-22 12:58:18', NULL, '2016-11-22 12:58:18', 1, 'demo', 'Demo', NULL, 'User', '89e495e7941cf9e40e6980d14a16bf023ccd4c91', NULL, NULL, NULL, 'ACTIVE', NULL);

SET IDENTITY_INSERT [dbo].[user] OFF

SET IDENTITY_INSERT [dbo].[company] ON
INSERT INTO [dbo].[company] (id, created_by, creation_date, last_modified_by, last_modified_date, code, name, [user]) VALUES 
(1, NULL, '2016-11-22 12:58:18', NULL, '2016-11-22 12:58:18', NULL, 'Demo Company', 1);

SET IDENTITY_INSERT [dbo].[company] OFF