################################################################################################################################
# county
################################################################################################################################
INSERT INTO `county` (`id`, `created_by`, `creation_date`, `last_modified_by`, `last_modified_date`, `name`)
VALUES
    (1, NULL, '2016-11-22 13:05:43', NULL, '2016-11-22 13:05:43', 'Šibensko-kninska'),
    (2, NULL, '2016-11-22 13:05:43', NULL, '2016-11-22 13:05:43', 'Sisačko-moslavačka'),
    (3, NULL, '2016-11-22 13:05:43', NULL, '2016-11-22 13:05:43', 'Virovitičko-podravska'),
    (4, NULL, '2016-11-22 13:05:43', NULL, '2016-11-22 13:05:43', 'Vukovarsko-srijemska'),
    (5, NULL, '2016-11-22 13:05:43', NULL, '2016-11-22 13:05:43', 'Bjelovarsko-bilogorska'),
    (6, NULL, '2016-11-22 13:05:43', NULL, '2016-11-22 13:05:43', 'Brodsko-posavska'),
    (7, NULL, '2016-11-22 13:05:43', NULL, '2016-11-22 13:05:43', 'Karlovačka'),
    (8, NULL, '2016-11-22 13:05:43', NULL, '2016-11-22 13:05:43', 'Osječko-baranjska'),
    (9, NULL, '2016-11-22 13:05:43', NULL, '2016-11-22 13:05:43', 'Ličko-senjska'),
    (10, NULL, '2016-11-22 13:05:43', NULL, '2016-11-22 13:05:43', 'Splitsko-dalmatinska'),
    (11, NULL, '2016-11-22 13:05:43', NULL, '2016-11-22 13:05:43', 'Koprivničko-križevačka'),
    (12, NULL, '2016-11-22 13:05:44', NULL, '2016-11-22 13:05:44', 'Međimurska'),
    (13, NULL, '2016-11-22 13:05:44', NULL, '2016-11-22 13:05:44', 'Varaždinska'),
    (14, NULL, '2016-11-22 13:05:44', NULL, '2016-11-22 13:05:44', 'Požeško-slavonska'),
    (15, NULL, '2016-11-22 13:05:44', NULL, '2016-11-22 13:05:44', 'Zagrebačka'),
    (16, NULL, '2016-11-22 13:05:44', NULL, '2016-11-22 13:05:44', 'Zadarska'),
    (17, NULL, '2016-11-22 13:05:45', NULL, '2016-11-22 13:05:45', 'Dubrovačko-neretvanska'),
    (18, NULL, '2016-11-22 13:05:45', NULL, '2016-11-22 13:05:45', 'Krapinsko-zagorska'),
    (19, NULL, '2016-11-22 13:05:46', NULL, '2016-11-22 13:05:46', 'Primorsko-goranska'),
    (20, NULL, '2016-11-22 13:05:47', NULL, '2016-11-22 13:05:47', 'Istarska'),
    (21, NULL, '2016-11-22 13:05:48', NULL, '2016-11-22 13:05:48', 'Grad Zagreb');

################################################################################################################################
# city
################################################################################################################################
INSERT INTO `city` (`id`, `created_by`, `creation_date`, `last_modified_by`, `last_modified_date`, `development_index`, `name`, `county`)
VALUES
    (1, NULL, '2016-11-22 13:05:43', NULL, '2016-11-22 13:05:43', 'I.', 'Kistanje', 1),
    (2, NULL, '2016-11-22 13:05:43', NULL, '2016-11-22 13:05:43', 'I.', 'Donji Kukuruzari', 2),
    (3, NULL, '2016-11-22 13:05:43', NULL, '2016-11-22 13:05:43', 'I.', 'Voćin', 3),
    (4, NULL, '2016-11-22 13:05:43', NULL, '2016-11-22 13:05:43', 'I.', 'Vrginmost', 2),
    (5, NULL, '2016-11-22 13:05:43', NULL, '2016-11-22 13:05:43', 'I.', 'Gunja', 4),
    (6, NULL, '2016-11-22 13:05:43', NULL, '2016-11-22 13:05:43', 'I.', 'Zrinski Topolovac', 5),
    (7, NULL, '2016-11-22 13:05:43', NULL, '2016-11-22 13:05:43', 'I.', 'Vrbje', 6),
    (8, NULL, '2016-11-22 13:05:43', NULL, '2016-11-22 13:05:43', 'I.', 'Okučani', 6),
    (9, NULL, '2016-11-22 13:05:43', NULL, '2016-11-22 13:05:43', 'I.', 'Cetingrad', 7),
    (10, NULL, '2016-11-22 13:05:43', NULL, '2016-11-22 13:05:43', 'I.', 'Đulovac', 5),
    (11, NULL, '2016-11-22 13:05:43', NULL, '2016-11-22 13:05:43', 'I.', 'Biskupija', 1),
    (12, NULL, '2016-11-22 13:05:43', NULL, '2016-11-22 13:05:43', 'I.', 'Vojnić', 7),
    (13, NULL, '2016-11-22 13:05:43', NULL, '2016-11-22 13:05:43', 'I.', 'Gornji Bogićevci', 6),
    (14, NULL, '2016-11-22 13:05:43', NULL, '2016-11-22 13:05:43', 'I.', 'Dvor', 2),
    (15, NULL, '2016-11-22 13:05:43', NULL, '2016-11-22 13:05:43', 'I.', 'Krnjak', 7),
    (16, NULL, '2016-11-22 13:05:43', NULL, '2016-11-22 13:05:43', 'I.', 'Levanjska Varoš', 8),
    (17, NULL, '2016-11-22 13:05:43', NULL, '2016-11-22 13:05:43', 'I.', 'Plaški', 7),
    (18, NULL, '2016-11-22 13:05:43', NULL, '2016-11-22 13:05:43', 'I.', 'Sopje', 3),
    (19, NULL, '2016-11-22 13:05:43', NULL, '2016-11-22 13:05:43', 'I.', 'Drenovci', 4),
    (20, NULL, '2016-11-22 13:05:43', NULL, '2016-11-22 13:05:43', 'I.', 'Gradina', 3),
    (21, NULL, '2016-11-22 13:05:43', NULL, '2016-11-22 13:05:43', 'I.', 'Jagodnjak', 8),
    (22, NULL, '2016-11-22 13:05:43', NULL, '2016-11-22 13:05:43', 'I.', 'Štefanje', 5),
    (23, NULL, '2016-11-22 13:05:43', NULL, '2016-11-22 13:05:43', 'I.', 'Babina Greda', 4),
    (24, NULL, '2016-11-22 13:05:43', NULL, '2016-11-22 13:05:43', 'I.', 'Štitar', 4),
    (25, NULL, '2016-11-22 13:05:43', NULL, '2016-11-22 13:05:43', 'I.', 'Mikleuš', 3),
    (26, NULL, '2016-11-22 13:05:43', NULL, '2016-11-22 13:05:43', 'I.', 'Drenje', 8),
    (27, NULL, '2016-11-22 13:05:43', NULL, '2016-11-22 13:05:43', 'I.', 'Donji Lapac', 9),
    (28, NULL, '2016-11-22 13:05:43', NULL, '2016-11-22 13:05:43', 'I.', 'Sunja', 2),
    (29, NULL, '2016-11-22 13:05:43', NULL, '2016-11-22 13:05:43', 'I.', 'Trnava', 8),
    (30, NULL, '2016-11-22 13:05:43', NULL, '2016-11-22 13:05:43', 'I.', 'Podgorač', 8),
    (31, NULL, '2016-11-22 13:05:43', NULL, '2016-11-22 13:05:43', 'I.', 'Nova Rača', 5),
    (32, NULL, '2016-11-22 13:05:43', NULL, '2016-11-22 13:05:43', 'I.', 'Vrhovine', 9),
    (33, NULL, '2016-11-22 13:05:43', NULL, '2016-11-22 13:05:43', 'I.', 'Markušica', 4),
    (34, NULL, '2016-11-22 13:05:43', NULL, '2016-11-22 13:05:43', 'I.', 'Hrvatska Dubica', 2),
    (35, NULL, '2016-11-22 13:05:43', NULL, '2016-11-22 13:05:43', 'I.', 'Lokvičići', 10),
    (36, NULL, '2016-11-22 13:05:43', NULL, '2016-11-22 13:05:43', 'I.', 'Nova Bukovica', 3),
    (37, NULL, '2016-11-22 13:05:43', NULL, '2016-11-22 13:05:43', 'I.', 'Čađavica', 3),
    (38, NULL, '2016-11-22 13:05:43', NULL, '2016-11-22 13:05:43', 'I.', 'Kloštar Podravski', 11),
    (39, NULL, '2016-11-22 13:05:43', NULL, '2016-11-22 13:05:43', 'I.', 'Staro Petrovo Selo', 6),
    (40, NULL, '2016-11-22 13:05:44', NULL, '2016-11-22 13:05:44', 'I.', 'Gundinci', 6),
    (41, NULL, '2016-11-22 13:05:44', NULL, '2016-11-22 13:05:44', 'I.', 'Špišić Bukovica', 3),
    (42, NULL, '2016-11-22 13:05:44', NULL, '2016-11-22 13:05:44', 'I.', 'Rovišće', 5),
    (43, NULL, '2016-11-22 13:05:44', NULL, '2016-11-22 13:05:44', 'I.', 'Šodolovci', 8),
    (44, NULL, '2016-11-22 13:05:44', NULL, '2016-11-22 13:05:44', 'I.', 'Dežanovac', 5),
    (45, NULL, '2016-11-22 13:05:44', NULL, '2016-11-22 13:05:44', 'I.', 'Civljane', 1),
    (46, NULL, '2016-11-22 13:05:44', NULL, '2016-11-22 13:05:44', 'I.', 'Podravska Moslavina', 8),
    (47, NULL, '2016-11-22 13:05:44', NULL, '2016-11-22 13:05:44', 'I.', 'Kapela', 5),
    (48, NULL, '2016-11-22 13:05:44', NULL, '2016-11-22 13:05:44', 'II.', 'Stara Gradiška', 6),
    (49, NULL, '2016-11-22 13:05:44', NULL, '2016-11-22 13:05:44', 'II.', 'Bošnjaci', 4),
    (50, NULL, '2016-11-22 13:05:44', NULL, '2016-11-22 13:05:44', 'II.', 'Viljevo', 8),
    (51, NULL, '2016-11-22 13:05:44', NULL, '2016-11-22 13:05:44', 'II.', 'Bebrina', 6),
    (52, NULL, '2016-11-22 13:05:44', NULL, '2016-11-22 13:05:44', 'II.', 'Sveti Petar Orehovec', 11),
    (53, NULL, '2016-11-22 13:05:44', NULL, '2016-11-22 13:05:44', 'II.', 'Novo Virje', 11),
    (54, NULL, '2016-11-22 13:05:44', NULL, '2016-11-22 13:05:44', 'II.', 'Proložac', 10),
    (55, NULL, '2016-11-22 13:05:44', NULL, '2016-11-22 13:05:44', 'II.', 'Velika Pisanica', 5),
    (56, NULL, '2016-11-22 13:05:44', NULL, '2016-11-22 13:05:44', 'II.', 'Orehovica', 12),
    (57, NULL, '2016-11-22 13:05:44', NULL, '2016-11-22 13:05:44', 'II.', 'Saborsko', 7),
    (58, NULL, '2016-11-22 13:05:44', NULL, '2016-11-22 13:05:44', 'II.', 'Ivanska', 5),
    (59, NULL, '2016-11-22 13:05:44', NULL, '2016-11-22 13:05:44', 'II.', 'Gornja Rijeka', 11),
    (60, NULL, '2016-11-22 13:05:44', NULL, '2016-11-22 13:05:44', 'II.', 'Ervenik', 1),
    (61, NULL, '2016-11-22 13:05:44', NULL, '2016-11-22 13:05:44', 'II.', 'Majur', 2),
    (62, NULL, '2016-11-22 13:05:44', NULL, '2016-11-22 13:05:44', 'II.', 'Cista Provo', 10),
    (63, NULL, '2016-11-22 13:05:44', NULL, '2016-11-22 13:05:44', 'II.', 'Suhopolje', 3),
    (64, NULL, '2016-11-22 13:05:44', NULL, '2016-11-22 13:05:44', 'II.', 'Trpinja', 4),
    (65, NULL, '2016-11-22 13:05:44', NULL, '2016-11-22 13:05:44', 'II.', 'Velika Trnovitica', 5),
    (66, NULL, '2016-11-22 13:05:44', NULL, '2016-11-22 13:05:44', 'II.', 'Vrbanja', 4),
    (67, NULL, '2016-11-22 13:05:44', NULL, '2016-11-22 13:05:44', 'II.', 'Slavonski Šamac', 6),
    (68, NULL, '2016-11-22 13:05:44', NULL, '2016-11-22 13:05:44', 'II.', 'Donja Voća', 13),
    (69, NULL, '2016-11-22 13:05:44', NULL, '2016-11-22 13:05:44', 'II.', 'Lukač', 3),
    (70, NULL, '2016-11-22 13:05:44', NULL, '2016-11-22 13:05:44', 'II.', 'Borovo', 4),
    (71, NULL, '2016-11-22 13:05:44', NULL, '2016-11-22 13:05:44', 'II.', 'Davor', 6),
    (72, NULL, '2016-11-22 13:05:44', NULL, '2016-11-22 13:05:44', 'II.', 'Čaglin', 14),
    (73, NULL, '2016-11-22 13:05:44', NULL, '2016-11-22 13:05:44', 'II.', 'Velika Kopanica', 6),
    (74, NULL, '2016-11-22 13:05:44', NULL, '2016-11-22 13:05:44', 'II.', 'Donja Motičina', 8),
    (75, NULL, '2016-11-22 13:05:44', NULL, '2016-11-22 13:05:44', 'II.', 'Veliki Grđevac', 5),
    (76, NULL, '2016-11-22 13:05:44', NULL, '2016-11-22 13:05:44', 'II.', 'Lovreć', 10),
    (77, NULL, '2016-11-22 13:05:44', NULL, '2016-11-22 13:05:44', 'II.', 'Popovac', 8),
    (78, NULL, '2016-11-22 13:05:44', NULL, '2016-11-22 13:05:44', 'II.', 'Gradište', 4),
    (79, NULL, '2016-11-22 13:05:44', NULL, '2016-11-22 13:05:44', 'II.', 'Rešetari', 6),
    (80, NULL, '2016-11-22 13:05:44', NULL, '2016-11-22 13:05:44', 'II.', 'Gorjani', 8),
    (81, NULL, '2016-11-22 13:05:44', NULL, '2016-11-22 13:05:44', 'II.', 'Đurđenovac', 8),
    (82, NULL, '2016-11-22 13:05:44', NULL, '2016-11-22 13:05:44', 'II.', 'Rakovec', 15),
    (83, NULL, '2016-11-22 13:05:44', NULL, '2016-11-22 13:05:44', 'II.', 'Berek', 5),
    (84, NULL, '2016-11-22 13:05:44', NULL, '2016-11-22 13:05:44', 'II.', 'Glina', 2),
    (85, NULL, '2016-11-22 13:05:44', NULL, '2016-11-22 13:05:44', 'II.', 'Cernik', 6),
    (86, NULL, '2016-11-22 13:05:44', NULL, '2016-11-22 13:05:44', 'II.', 'Kalnik', 11),
    (87, NULL, '2016-11-22 13:05:44', NULL, '2016-11-22 13:05:44', 'II.', 'Stari Mikanovci', 4),
    (88, NULL, '2016-11-22 13:05:44', NULL, '2016-11-22 13:05:44', 'II.', 'Viškovci', 8),
    (89, NULL, '2016-11-22 13:05:44', NULL, '2016-11-22 13:05:44', 'II.', 'Sokolovac', 11),
    (90, NULL, '2016-11-22 13:05:44', NULL, '2016-11-22 13:05:44', 'II.', 'Satnica Đakovačka', 8),
    (91, NULL, '2016-11-22 13:05:44', NULL, '2016-11-22 13:05:44', 'II.', 'Farkaševac', 15),
    (92, NULL, '2016-11-22 13:05:44', NULL, '2016-11-22 13:05:44', 'II.', 'Strizivojna', 8),
    (93, NULL, '2016-11-22 13:05:44', NULL, '2016-11-22 13:05:44', 'II.', 'Bogdanovci', 4),
    (94, NULL, '2016-11-22 13:05:44', NULL, '2016-11-22 13:05:44', 'II.', 'Sikirevci', 6),
    (95, NULL, '2016-11-22 13:05:44', NULL, '2016-11-22 13:05:44', 'II.', 'Tompojevci', 4),
    (96, NULL, '2016-11-22 13:05:44', NULL, '2016-11-22 13:05:44', 'II.', 'Podcrkavlje', 6),
    (97, NULL, '2016-11-22 13:05:44', NULL, '2016-11-22 13:05:44', 'II.', 'Kaptol', 14),
    (98, NULL, '2016-11-22 13:05:44', NULL, '2016-11-22 13:05:44', 'II.', 'Vladislavci', 8),
    (99, NULL, '2016-11-22 13:05:44', NULL, '2016-11-22 13:05:44', 'II.', 'Runovići', 10),
    (100, NULL, '2016-11-22 13:05:44', NULL, '2016-11-22 13:05:44', 'II.', 'Dragalić', 6),
    (101, NULL, '2016-11-22 13:05:44', NULL, '2016-11-22 13:05:44', 'II.', 'Podbablje', 10),
    (102, NULL, '2016-11-22 13:05:44', NULL, '2016-11-22 13:05:44', 'II.', 'Preseka', 15),
    (103, NULL, '2016-11-22 13:05:44', NULL, '2016-11-22 13:05:44', 'II.', 'Gračac', 16),
    (104, NULL, '2016-11-22 13:05:44', NULL, '2016-11-22 13:05:44', 'II.', 'Končanica', 5),
    (105, NULL, '2016-11-22 13:05:44', NULL, '2016-11-22 13:05:44', 'II.', 'Punitovci', 8),
    (106, NULL, '2016-11-22 13:05:44', NULL, '2016-11-22 13:05:44', 'II.', 'Negoslavci', 4),
    (107, NULL, '2016-11-22 13:05:44', NULL, '2016-11-22 13:05:44', 'II.', 'Koška', 8),
    (108, NULL, '2016-11-22 13:05:44', NULL, '2016-11-22 13:05:44', 'II.', 'Pitomača', 3),
    (109, NULL, '2016-11-22 13:05:44', NULL, '2016-11-22 13:05:44', 'II.', 'Severin', 5),
    (110, NULL, '2016-11-22 13:05:44', NULL, '2016-11-22 13:05:44', 'II.', 'Crnac', 3),
    (111, NULL, '2016-11-22 13:05:44', NULL, '2016-11-22 13:05:44', 'II.', 'Nova Kapela', 6),
    (112, NULL, '2016-11-22 13:05:45', NULL, '2016-11-22 13:05:45', 'II.', 'Petlovac', 8),
    (113, NULL, '2016-11-22 13:05:45', NULL, '2016-11-22 13:05:45', 'II.', 'Zažablje', 17),
    (114, NULL, '2016-11-22 13:05:45', NULL, '2016-11-22 13:05:45', 'II.', 'Vrpolje', 6),
    (115, NULL, '2016-11-22 13:05:45', NULL, '2016-11-22 13:05:45', 'II.', 'Oprisavci', 6),
    (116, NULL, '2016-11-22 13:05:45', NULL, '2016-11-22 13:05:45', 'II.', 'Martinska Ves', 2),
    (117, NULL, '2016-11-22 13:05:45', NULL, '2016-11-22 13:05:45', 'II.', 'Marijanci', 8),
    (118, NULL, '2016-11-22 13:05:45', NULL, '2016-11-22 13:05:45', 'II.', 'Privlaka (Vinkovci)', 4),
    (119, NULL, '2016-11-22 13:05:45', NULL, '2016-11-22 13:05:45', 'II.', 'Zagvozd', 10),
    (120, NULL, '2016-11-22 13:05:45', NULL, '2016-11-22 13:05:45', 'II.', 'Brinje', 9),
    (121, NULL, '2016-11-22 13:05:45', NULL, '2016-11-22 13:05:45', 'II.', 'Kneževi Vinogradi', 8),
    (122, NULL, '2016-11-22 13:05:45', NULL, '2016-11-22 13:05:45', 'II.', 'Draž', 8),
    (123, NULL, '2016-11-22 13:05:45', NULL, '2016-11-22 13:05:45', 'II.', 'Semeljci', 8),
    (124, NULL, '2016-11-22 13:05:45', NULL, '2016-11-22 13:05:45', 'II.', 'Cerna', 4),
    (125, NULL, '2016-11-22 13:05:45', NULL, '2016-11-22 13:05:45', 'II.', 'Ferdinandovac', 11),
    (126, NULL, '2016-11-22 13:05:45', NULL, '2016-11-22 13:05:45', 'II.', 'Pleternica', 14),
    (127, NULL, '2016-11-22 13:05:45', NULL, '2016-11-22 13:05:45', 'II.', 'Slivno', 17),
    (128, NULL, '2016-11-22 13:05:45', NULL, '2016-11-22 13:05:45', 'II.', 'Rasinja', 11),
    (129, NULL, '2016-11-22 13:05:45', NULL, '2016-11-22 13:05:45', 'II.', 'Otok (Vinkovci)', 4),
    (130, NULL, '2016-11-22 13:05:45', NULL, '2016-11-22 13:05:45', 'II.', 'Šandrovac', 5),
    (131, NULL, '2016-11-22 13:05:45', NULL, '2016-11-22 13:05:45', 'II.', 'Garčin', 6),
    (132, NULL, '2016-11-22 13:05:45', NULL, '2016-11-22 13:05:45', 'II.', 'Erdut', 8),
    (133, NULL, '2016-11-22 13:05:45', NULL, '2016-11-22 13:05:45', 'II.', 'Šestanovac', 10),
    (134, NULL, '2016-11-22 13:05:45', NULL, '2016-11-22 13:05:45', 'II.', 'Ribnik', 7),
    (135, NULL, '2016-11-22 13:05:45', NULL, '2016-11-22 13:05:45', 'II.', 'Grubišno Polje', 5),
    (136, NULL, '2016-11-22 13:05:45', NULL, '2016-11-22 13:05:45', 'II.', 'Stari Jankovci', 4),
    (137, NULL, '2016-11-22 13:05:45', NULL, '2016-11-22 13:05:45', 'II.', 'Gornja Vrba', 6),
    (138, NULL, '2016-11-22 13:05:45', NULL, '2016-11-22 13:05:45', 'II.', 'Nijemci', 4),
    (139, NULL, '2016-11-22 13:05:45', NULL, '2016-11-22 13:05:45', 'II.', 'Darda', 8),
    (140, NULL, '2016-11-22 13:05:45', NULL, '2016-11-22 13:05:45', 'II.', 'Trilj', 10),
    (141, NULL, '2016-11-22 13:05:45', NULL, '2016-11-22 13:05:45', 'II.', 'Žumberak', 15),
    (142, NULL, '2016-11-22 13:05:45', NULL, '2016-11-22 13:05:45', 'II.', 'Tounj', 7),
    (143, NULL, '2016-11-22 13:05:45', NULL, '2016-11-22 13:05:45', 'II.', 'Dubrava', 15),
    (144, NULL, '2016-11-22 13:05:45', NULL, '2016-11-22 13:05:45', 'II.', 'Feričanci', 8),
    (145, NULL, '2016-11-22 13:05:45', NULL, '2016-11-22 13:05:45', 'II.', 'Desinić', 18),
    (146, NULL, '2016-11-22 13:05:45', NULL, '2016-11-22 13:05:45', 'II.', 'Jasenovac', 2),
    (147, NULL, '2016-11-22 13:05:45', NULL, '2016-11-22 13:05:45', 'II.', 'Zdenci', 3),
    (148, NULL, '2016-11-22 13:05:45', NULL, '2016-11-22 13:05:45', 'II.', 'Visoko', 13),
    (149, NULL, '2016-11-22 13:05:45', NULL, '2016-11-22 13:05:45', 'II.', 'Lišane Ostrovičke', 16),
    (150, NULL, '2016-11-22 13:05:45', NULL, '2016-11-22 13:05:45', 'II.', 'Otok', 10),
    (151, NULL, '2016-11-22 13:05:45', NULL, '2016-11-22 13:05:45', 'II.', 'Hlebine', 11),
    (152, NULL, '2016-11-22 13:05:45', NULL, '2016-11-22 13:05:45', 'II.', 'Veliko Trojstvo', 5),
    (153, NULL, '2016-11-22 13:05:45', NULL, '2016-11-22 13:05:45', 'II.', 'Donji Andrijevci', 6),
    (154, NULL, '2016-11-22 13:05:45', NULL, '2016-11-22 13:05:45', 'II.', 'Sveti Ivan Žabno', 11),
    (155, NULL, '2016-11-22 13:05:45', NULL, '2016-11-22 13:05:45', 'II.', 'Žakanje', 7),
    (156, NULL, '2016-11-22 13:05:45', NULL, '2016-11-22 13:05:45', 'II.', 'Kutjevo', 14),
    (157, NULL, '2016-11-22 13:05:45', NULL, '2016-11-22 13:05:45', 'II.', 'Sibinj', 6),
    (158, NULL, '2016-11-22 13:05:45', NULL, '2016-11-22 13:05:45', 'II.', 'Ružić', 1),
    (159, NULL, '2016-11-22 13:05:45', NULL, '2016-11-22 13:05:45', 'II.', 'Brestovac', 14),
    (160, NULL, '2016-11-22 13:05:45', NULL, '2016-11-22 13:05:45', 'II.', 'Oriovac', 6),
    (161, NULL, '2016-11-22 13:05:45', NULL, '2016-11-22 13:05:45', 'II.', 'Čačinci', 3),
    (162, NULL, '2016-11-22 13:05:45', NULL, '2016-11-22 13:05:45', 'II.', 'Udbina', 9),
    (163, NULL, '2016-11-22 13:05:45', NULL, '2016-11-22 13:05:45', 'II.', 'Brodski Stupnik', 6),
    (164, NULL, '2016-11-22 13:05:45', NULL, '2016-11-22 13:05:45', 'II.', 'Vrlika', 10),
    (165, NULL, '2016-11-22 13:05:45', NULL, '2016-11-22 13:05:45', 'II.', 'Podturen', 12),
    (166, NULL, '2016-11-22 13:05:45', NULL, '2016-11-22 13:05:45', 'II.', 'Bosiljevo', 7),
    (167, NULL, '2016-11-22 13:05:45', NULL, '2016-11-22 13:05:45', 'II.', 'Domašinec', 12),
    (168, NULL, '2016-11-22 13:05:45', NULL, '2016-11-22 13:05:45', 'II.', 'Zmijavci', 10),
    (169, NULL, '2016-11-22 13:05:45', NULL, '2016-11-22 13:05:45', 'II.', 'Velika', 14),
    (170, NULL, '2016-11-22 13:05:45', NULL, '2016-11-22 13:05:45', 'II.', 'Cestica', 13),
    (171, NULL, '2016-11-22 13:05:45', NULL, '2016-11-22 13:05:45', 'II.', 'Vođinci', 4),
    (172, NULL, '2016-11-22 13:05:45', NULL, '2016-11-22 13:05:45', 'II.', 'Ivankovo', 4),
    (173, NULL, '2016-11-22 13:05:45', NULL, '2016-11-22 13:05:45', 'II.', 'Bednja', 13),
    (174, NULL, '2016-11-22 13:05:45', NULL, '2016-11-22 13:05:45', 'II.', 'Lasinja', 7),
    (175, NULL, '2016-11-22 13:05:45', NULL, '2016-11-22 13:05:45', 'II.', 'Josipdol', 7),
    (176, NULL, '2016-11-22 13:05:45', NULL, '2016-11-22 13:05:45', 'II.', 'Novska', 2),
    (177, NULL, '2016-11-22 13:05:45', NULL, '2016-11-22 13:05:45', 'II.', 'Štrigova', 12),
    (178, NULL, '2016-11-22 13:05:45', NULL, '2016-11-22 13:05:45', 'II.', 'Lovas', 4),
    (179, NULL, '2016-11-22 13:05:45', NULL, '2016-11-22 13:05:45', 'II.', 'Peteranec', 11),
    (180, NULL, '2016-11-22 13:05:45', NULL, '2016-11-22 13:05:45', 'II.', 'Sveti Đurđ', 13),
    (181, NULL, '2016-11-22 13:05:45', NULL, '2016-11-22 13:05:45', 'II.', 'Hrvatska Kostajnica', 2),
    (182, NULL, '2016-11-22 13:05:45', NULL, '2016-11-22 13:05:45', 'II.', 'Mali Bukovec', 13),
    (183, NULL, '2016-11-22 13:05:45', NULL, '2016-11-22 13:05:45', 'II.', 'Petrinja', 2),
    (184, NULL, '2016-11-22 13:05:45', NULL, '2016-11-22 13:05:45', 'II.', 'Tordinci', 4),
    (185, NULL, '2016-11-22 13:05:45', NULL, '2016-11-22 13:05:45', 'II.', 'Novigrad (Zadar)', 16),
    (186, NULL, '2016-11-22 13:05:45', NULL, '2016-11-22 13:05:45', 'II.', 'Virje', 11),
    (187, NULL, '2016-11-22 13:05:45', NULL, '2016-11-22 13:05:45', 'II.', 'Stankovci', 16),
    (188, NULL, '2016-11-22 13:05:45', NULL, '2016-11-22 13:05:45', 'II.', 'Škabrnja', 16),
    (189, NULL, '2016-11-22 13:05:45', NULL, '2016-11-22 13:05:45', 'II.', 'Hrvace', 10),
    (190, NULL, '2016-11-22 13:05:45', NULL, '2016-11-22 13:05:45', 'II.', 'Poličnik', 16),
    (191, NULL, '2016-11-22 13:05:45', NULL, '2016-11-22 13:05:45', 'II.', 'Magadenovac', 8),
    (192, NULL, '2016-11-22 13:05:45', NULL, '2016-11-22 13:05:45', 'II.', 'Rakovica', 7),
    (193, NULL, '2016-11-22 13:05:45', NULL, '2016-11-22 13:05:45', 'II.', 'Jarmina', 4),
    (194, NULL, '2016-11-22 13:05:45', NULL, '2016-11-22 13:05:45', 'II.', 'Bukovlje', 6),
    (195, NULL, '2016-11-22 13:05:45', NULL, '2016-11-22 13:05:45', 'II.', 'Kamanje', 7),
    (196, NULL, '2016-11-22 13:05:45', NULL, '2016-11-22 13:05:45', 'II.', 'Selnica', 12),
    (197, NULL, '2016-11-22 13:05:45', NULL, '2016-11-22 13:05:45', 'II.', 'Jakšić', 14),
    (198, NULL, '2016-11-22 13:05:45', NULL, '2016-11-22 13:05:45', 'II.', 'Obrovac', 16),
    (199, NULL, '2016-11-22 13:05:45', NULL, '2016-11-22 13:05:45', 'II.', 'Posedarje', 16),
    (200, NULL, '2016-11-22 13:05:45', NULL, '2016-11-22 13:05:45', 'II.', 'Pakrac', 14),
    (201, NULL, '2016-11-22 13:05:45', NULL, '2016-11-22 13:05:45', 'II.', 'Knin', 1),
    (202, NULL, '2016-11-22 13:05:45', NULL, '2016-11-22 13:05:45', 'II.', 'Petrovsko', 18),
    (203, NULL, '2016-11-22 13:05:45', NULL, '2016-11-22 13:05:45', 'II.', 'Ernestinovo', 8),
    (204, NULL, '2016-11-22 13:05:45', NULL, '2016-11-22 13:05:45', 'II.', 'Barilovići', 7),
    (205, NULL, '2016-11-22 13:05:45', NULL, '2016-11-22 13:05:45', 'II.', 'Klakar', 6),
    (206, NULL, '2016-11-22 13:05:45', NULL, '2016-11-22 13:05:45', 'II.', 'Legrad', 11),
    (207, NULL, '2016-11-22 13:05:45', NULL, '2016-11-22 13:05:45', 'II.', 'Hercegovac', 5),
    (208, NULL, '2016-11-22 13:05:45', NULL, '2016-11-22 13:05:45', 'II.', 'Gornji Mihaljevec', 12),
    (209, NULL, '2016-11-22 13:05:45', NULL, '2016-11-22 13:05:45', 'II.', 'Benkovac', 16),
    (210, NULL, '2016-11-22 13:05:45', NULL, '2016-11-22 13:05:45', 'II.', 'Andrijaševci', 4),
    (211, NULL, '2016-11-22 13:05:45', NULL, '2016-11-22 13:05:45', 'II.', 'Antunovac', 8),
    (212, NULL, '2016-11-22 13:05:45', NULL, '2016-11-22 13:05:45', 'II.', 'Garešnica', 5),
    (213, NULL, '2016-11-22 13:05:45', NULL, '2016-11-22 13:05:45', 'II.', 'Koprivnički Bregi', 11),
    (214, NULL, '2016-11-22 13:05:45', NULL, '2016-11-22 13:05:45', 'II.', 'Skradin', 1),
    (215, NULL, '2016-11-22 13:05:45', NULL, '2016-11-22 13:05:45', 'II.', 'Martijanec', 13),
    (216, NULL, '2016-11-22 13:05:45', NULL, '2016-11-22 13:05:45', 'II.', 'Pokupsko', 15),
    (217, NULL, '2016-11-22 13:05:45', NULL, '2016-11-22 13:05:45', 'II.', 'Slatina', 3),
    (218, NULL, '2016-11-22 13:05:45', NULL, '2016-11-22 13:05:45', 'II.', 'Mala Subotica', 12),
    (219, NULL, '2016-11-22 13:05:45', NULL, '2016-11-22 13:05:45', 'II.', 'Vukovar', 4),
    (220, NULL, '2016-11-22 13:05:46', NULL, '2016-11-22 13:05:46', 'II.', 'Netretić', 7),
    (221, NULL, '2016-11-22 13:05:46', NULL, '2016-11-22 13:05:46', 'II.', 'Vuka', 8),
    (222, NULL, '2016-11-22 13:05:46', NULL, '2016-11-22 13:05:46', 'II.', 'Pribislavec', 12),
    (223, NULL, '2016-11-22 13:05:46', NULL, '2016-11-22 13:05:46', 'II.', 'Topusko', 2),
    (224, NULL, '2016-11-22 13:05:46', NULL, '2016-11-22 13:05:46', 'II.', 'Budinščina', 18),
    (225, NULL, '2016-11-22 13:05:46', NULL, '2016-11-22 13:05:46', 'II.', 'Ilok', 4),
    (226, NULL, '2016-11-22 13:05:46', NULL, '2016-11-22 13:05:46', 'II.', 'Slunj', 7),
    (227, NULL, '2016-11-22 13:05:46', NULL, '2016-11-22 13:05:46', 'II.', 'Sirač', 5),
    (228, NULL, '2016-11-22 13:05:46', NULL, '2016-11-22 13:05:46', 'II.', 'Belišće', 8),
    (229, NULL, '2016-11-22 13:05:46', NULL, '2016-11-22 13:05:46', 'II.', 'Otočac', 9),
    (230, NULL, '2016-11-22 13:05:46', NULL, '2016-11-22 13:05:46', 'II.', 'Čeminac', 8),
    (231, NULL, '2016-11-22 13:05:46', NULL, '2016-11-22 13:05:46', 'II.', 'Breznica', 13),
    (232, NULL, '2016-11-22 13:05:46', NULL, '2016-11-22 13:05:46', 'II.', 'Nuštar', 4),
    (233, NULL, '2016-11-22 13:05:46', NULL, '2016-11-22 13:05:46', 'II.', 'Bizovac', 8),
    (234, NULL, '2016-11-22 13:05:46', NULL, '2016-11-22 13:05:46', 'II.', 'Lobor', 18),
    (235, NULL, '2016-11-22 13:05:46', NULL, '2016-11-22 13:05:46', 'II.', 'Muć', 10),
    (236, NULL, '2016-11-22 13:05:46', NULL, '2016-11-22 13:05:46', 'II.', 'Čazma', 5),
    (237, NULL, '2016-11-22 13:05:46', NULL, '2016-11-22 13:05:46', 'II.', 'Gola', 11),
    (238, NULL, '2016-11-22 13:05:46', NULL, '2016-11-22 13:05:46', 'II.', 'Kula Norinska', 17),
    (239, NULL, '2016-11-22 13:05:46', NULL, '2016-11-22 13:05:46', 'II.', 'Belica', 12),
    (240, NULL, '2016-11-22 13:05:46', NULL, '2016-11-22 13:05:46', 'II.', 'Đakovo', 8),
    (241, NULL, '2016-11-22 13:05:46', NULL, '2016-11-22 13:05:46', 'II.', 'Vrsi', 16),
    (242, NULL, '2016-11-22 13:05:46', NULL, '2016-11-22 13:05:46', 'II.', 'Zagorska Sela', 18),
    (243, NULL, '2016-11-22 13:05:46', NULL, '2016-11-22 13:05:46', 'II.', 'Unešić', 1),
    (244, NULL, '2016-11-22 13:05:46', NULL, '2016-11-22 13:05:46', 'II.', 'Gornja Stubica', 18),
    (245, NULL, '2016-11-22 13:05:46', NULL, '2016-11-22 13:05:46', 'II.', 'Petrijevci', 8),
    (246, NULL, '2016-11-22 13:05:46', NULL, '2016-11-22 13:05:46', 'II.', 'Imotski', 10),
    (247, NULL, '2016-11-22 13:05:46', NULL, '2016-11-22 13:05:46', 'II.', 'Generalski Stol', 7),
    (248, NULL, '2016-11-22 13:05:46', NULL, '2016-11-22 13:05:46', 'II.', 'Bilje', 8),
    (249, NULL, '2016-11-22 13:05:46', NULL, '2016-11-22 13:05:46', 'II.', 'Kotoriba', 12),
    (250, NULL, '2016-11-22 13:05:46', NULL, '2016-11-22 13:05:46', 'II.', 'Kijevo', 1),
    (251, NULL, '2016-11-22 13:05:46', NULL, '2016-11-22 13:05:46', 'II.', 'Drnje', 11),
    (252, NULL, '2016-11-22 13:05:46', NULL, '2016-11-22 13:05:46', 'II.', 'Orle', 15),
    (253, NULL, '2016-11-22 13:05:46', NULL, '2016-11-22 13:05:46', 'II.', 'Nova Gradiška', 6),
    (254, NULL, '2016-11-22 13:05:46', NULL, '2016-11-22 13:05:46', 'II.', 'Gradec', 15),
    (255, NULL, '2016-11-22 13:05:46', NULL, '2016-11-22 13:05:46', 'II.', 'Beli Manastir', 8),
    (256, NULL, '2016-11-22 13:05:46', NULL, '2016-11-22 13:05:46', 'II.', 'Drniš', 1),
    (257, NULL, '2016-11-22 13:05:46', NULL, '2016-11-22 13:05:46', 'II.', 'Promina', 1),
    (258, NULL, '2016-11-22 13:05:46', NULL, '2016-11-22 13:05:46', 'II.', 'Prgomet', 10),
    (259, NULL, '2016-11-22 13:05:46', NULL, '2016-11-22 13:05:46', 'II.', 'Mursko Središće', 12),
    (260, NULL, '2016-11-22 13:05:46', NULL, '2016-11-22 13:05:46', 'II.', 'Mihovljan', 18),
    (261, NULL, '2016-11-22 13:05:46', NULL, '2016-11-22 13:05:46', 'II.', 'Polača', 16),
    (262, NULL, '2016-11-22 13:05:46', NULL, '2016-11-22 13:05:46', 'II.', 'Ston', 17),
    (263, NULL, '2016-11-22 13:05:46', NULL, '2016-11-22 13:05:46', 'II.', 'Lipik', 14),
    (264, NULL, '2016-11-22 13:05:46', NULL, '2016-11-22 13:05:46', 'II.', 'Tovarnik', 4),
    (265, NULL, '2016-11-22 13:05:46', NULL, '2016-11-22 13:05:46', 'III.', 'Ozalj', 7),
    (266, NULL, '2016-11-22 13:05:46', NULL, '2016-11-22 13:05:46', 'III.', 'Donji Vidovec', 12),
    (267, NULL, '2016-11-22 13:05:46', NULL, '2016-11-22 13:05:46', 'III.', 'Jesenje', 18),
    (268, NULL, '2016-11-22 13:05:46', NULL, '2016-11-22 13:05:46', 'III.', 'Sveti Martin na Muri', 12),
    (269, NULL, '2016-11-22 13:05:46', NULL, '2016-11-22 13:05:46', 'III.', 'Lećevica', 10),
    (270, NULL, '2016-11-22 13:05:46', NULL, '2016-11-22 13:05:46', 'III.', 'Petrijanec', 13),
    (271, NULL, '2016-11-22 13:05:46', NULL, '2016-11-22 13:05:46', 'III.', 'Županja', 4),
    (272, NULL, '2016-11-22 13:05:46', NULL, '2016-11-22 13:05:46', 'III.', 'Donji Miholjac', 8),
    (273, NULL, '2016-11-22 13:05:46', NULL, '2016-11-22 13:05:46', 'III.', 'Krašić', 15),
    (274, NULL, '2016-11-22 13:05:46', NULL, '2016-11-22 13:05:46', 'III.', 'Brckovljani', 15),
    (275, NULL, '2016-11-22 13:05:46', NULL, '2016-11-22 13:05:46', 'III.', 'Klenovnik', 13),
    (276, NULL, '2016-11-22 13:05:46', NULL, '2016-11-22 13:05:46', 'III.', 'Vratišinec', 12),
    (277, NULL, '2016-11-22 13:05:46', NULL, '2016-11-22 13:05:46', 'III.', 'Hrašćina', 18),
    (278, NULL, '2016-11-22 13:05:46', NULL, '2016-11-22 13:05:46', 'III.', 'Pregrada', 18),
    (279, NULL, '2016-11-22 13:05:46', NULL, '2016-11-22 13:05:46', 'III.', 'Đelekovec', 11),
    (280, NULL, '2016-11-22 13:05:46', NULL, '2016-11-22 13:05:46', 'III.', 'Lepoglava', 13),
    (281, NULL, '2016-11-22 13:05:46', NULL, '2016-11-22 13:05:46', 'III.', 'Kraljevec na Sutli', 18),
    (282, NULL, '2016-11-22 13:05:46', NULL, '2016-11-22 13:05:46', 'III.', 'Mače', 18),
    (283, NULL, '2016-11-22 13:05:46', NULL, '2016-11-22 13:05:46', 'III.', 'Čepin', 8),
    (284, NULL, '2016-11-22 13:05:46', NULL, '2016-11-22 13:05:46', 'III.', 'Podravske Sesvete', 11),
    (285, NULL, '2016-11-22 13:05:46', NULL, '2016-11-22 13:05:46', 'III.', 'Jalžabet', 13),
    (286, NULL, '2016-11-22 13:05:46', NULL, '2016-11-22 13:05:46', 'III.', 'Smokvica', 17),
    (287, NULL, '2016-11-22 13:05:46', NULL, '2016-11-22 13:05:46', 'III.', 'Đurmanec', 18),
    (288, NULL, '2016-11-22 13:05:46', NULL, '2016-11-22 13:05:46', 'III.', 'Ražanac', 16),
    (289, NULL, '2016-11-22 13:05:46', NULL, '2016-11-22 13:05:46', 'III.', 'Pojezerje', 17),
    (290, NULL, '2016-11-22 13:05:46', NULL, '2016-11-22 13:05:46', 'III.', 'Breznički Hum', 13),
    (291, NULL, '2016-11-22 13:05:46', NULL, '2016-11-22 13:05:46', 'III.', 'Plitvička Jezera', 9),
    (292, NULL, '2016-11-22 13:05:46', NULL, '2016-11-22 13:05:46', 'III.', 'Bibinje', 16),
    (293, NULL, '2016-11-22 13:05:46', NULL, '2016-11-22 13:05:46', 'III.', 'Zemunik Donji', 16),
    (294, NULL, '2016-11-22 13:05:46', NULL, '2016-11-22 13:05:46', 'III.', 'Bedenica', 15),
    (295, NULL, '2016-11-22 13:05:46', NULL, '2016-11-22 13:05:46', 'III.', 'Sveti Juraj na Bregu', 12),
    (296, NULL, '2016-11-22 13:05:46', NULL, '2016-11-22 13:05:46', 'III.', 'Kumrovec', 18),
    (297, NULL, '2016-11-22 13:05:46', NULL, '2016-11-22 13:05:46', 'III.', 'Novigrad Podravski', 11),
    (298, NULL, '2016-11-22 13:05:46', NULL, '2016-11-22 13:05:46', 'III.', 'Donja Dubrava', 12),
    (299, NULL, '2016-11-22 13:05:46', NULL, '2016-11-22 13:05:46', 'III.', 'Vidovec', 13),
    (300, NULL, '2016-11-22 13:05:46', NULL, '2016-11-22 13:05:46', 'III.', 'Vrgorac', 10),
    (301, NULL, '2016-11-22 13:05:46', NULL, '2016-11-22 13:05:46', 'III.', 'Valpovo', 8),
    (302, NULL, '2016-11-22 13:05:46', NULL, '2016-11-22 13:05:46', 'III.', 'Maruševec', 13),
    (303, NULL, '2016-11-22 13:05:46', NULL, '2016-11-22 13:05:46', 'III.', 'Dicmo', 10),
    (304, NULL, '2016-11-22 13:05:46', NULL, '2016-11-22 13:05:46', 'III.', 'Metković', 17),
    (305, NULL, '2016-11-22 13:05:46', NULL, '2016-11-22 13:05:46', 'III.', 'Našice', 8),
    (306, NULL, '2016-11-22 13:05:46', NULL, '2016-11-22 13:05:46', 'III.', 'Dekanovec', 12),
    (307, NULL, '2016-11-22 13:05:46', NULL, '2016-11-22 13:05:46', 'III.', 'Lekenik', 2),
    (308, NULL, '2016-11-22 13:05:46', NULL, '2016-11-22 13:05:46', 'III.', 'Goričan', 12),
    (309, NULL, '2016-11-22 13:05:46', NULL, '2016-11-22 13:05:46', 'III.', 'Vinica', 13),
    (310, NULL, '2016-11-22 13:05:46', NULL, '2016-11-22 13:05:46', 'III.', 'Draganić', 7),
    (311, NULL, '2016-11-22 13:05:46', NULL, '2016-11-22 13:05:46', 'III.', 'Primorski Dolac', 10),
    (312, NULL, '2016-11-22 13:05:46', NULL, '2016-11-22 13:05:46', 'III.', 'Đurđevac', 11),
    (313, NULL, '2016-11-22 13:05:46', NULL, '2016-11-22 13:05:46', 'III.', 'Jasenice', 16),
    (314, NULL, '2016-11-22 13:05:46', NULL, '2016-11-22 13:05:46', 'III.', 'Rugvica', 15),
    (315, NULL, '2016-11-22 13:05:46', NULL, '2016-11-22 13:05:46', 'III.', 'Popovača', 2),
    (316, NULL, '2016-11-22 13:05:46', NULL, '2016-11-22 13:05:46', 'III.', 'Sinj', 10),
    (317, NULL, '2016-11-22 13:05:46', NULL, '2016-11-22 13:05:46', 'III.', 'Sveta Marija', 12),
    (318, NULL, '2016-11-22 13:05:46', NULL, '2016-11-22 13:05:46', 'III.', 'Lipovljani', 2),
    (319, NULL, '2016-11-22 13:05:46', NULL, '2016-11-22 13:05:46', 'III.', 'Donji Kraljevec', 12),
    (320, NULL, '2016-11-22 13:05:46', NULL, '2016-11-22 13:05:46', 'III.', 'Veliki Bukovec', 13),
    (321, NULL, '2016-11-22 13:05:46', NULL, '2016-11-22 13:05:46', 'III.', 'Galovac', 16),
    (322, NULL, '2016-11-22 13:05:46', NULL, '2016-11-22 13:05:46', 'III.', 'Bedekovčina', 18),
    (323, NULL, '2016-11-22 13:05:46', NULL, '2016-11-22 13:05:46', 'III.', 'Radoboj', 18),
    (324, NULL, '2016-11-22 13:05:46', NULL, '2016-11-22 13:05:46', 'III.', 'Opuzen', 17),
    (325, NULL, '2016-11-22 13:05:46', NULL, '2016-11-22 13:05:46', 'III.', 'Pakoštane', 16),
    (326, NULL, '2016-11-22 13:05:46', NULL, '2016-11-22 13:05:46', 'III.', 'Slavonski Brod', 6),
    (327, NULL, '2016-11-22 13:05:46', NULL, '2016-11-22 13:05:46', 'III.', 'Koprivnički Ivanec', 11),
    (328, NULL, '2016-11-22 13:05:46', NULL, '2016-11-22 13:05:46', 'III.', 'Nedelišće', 12),
    (329, NULL, '2016-11-22 13:05:46', NULL, '2016-11-22 13:05:46', 'III.', 'Sveti Križ Začretje', 18),
    (330, NULL, '2016-11-22 13:05:46', NULL, '2016-11-22 13:05:46', 'III.', 'Kloštar Ivanić', 15),
    (331, NULL, '2016-11-22 13:05:46', NULL, '2016-11-22 13:05:46', 'III.', 'Marina', 10),
    (332, NULL, '2016-11-22 13:05:46', NULL, '2016-11-22 13:05:46', 'III.', 'Seget', 10),
    (333, NULL, '2016-11-22 13:05:46', NULL, '2016-11-22 13:05:46', 'III.', 'Beretinec', 13),
    (334, NULL, '2016-11-22 13:05:46', NULL, '2016-11-22 13:05:46', 'III.', 'Ljubešćica', 13),
    (335, NULL, '2016-11-22 13:05:46', NULL, '2016-11-22 13:05:46', 'III.', 'Tuhelj', 18),
    (336, NULL, '2016-11-22 13:05:46', NULL, '2016-11-22 13:05:46', 'III.', 'Vrbovsko', 19),
    (337, NULL, '2016-11-22 13:05:46', NULL, '2016-11-22 13:05:46', 'III.', 'Sveti Ilija', 13),
    (338, NULL, '2016-11-22 13:05:46', NULL, '2016-11-22 13:05:46', 'III.', 'Novi Golubovec', 18),
    (339, NULL, '2016-11-22 13:05:47', NULL, '2016-11-22 13:05:47', 'III.', 'Zlatar', 18),
    (340, NULL, '2016-11-22 13:05:47', NULL, '2016-11-22 13:05:47', 'III.', 'Sračinec', 13),
    (341, NULL, '2016-11-22 13:05:47', NULL, '2016-11-22 13:05:47', 'III.', 'Sukošan', 16),
    (342, NULL, '2016-11-22 13:05:47', NULL, '2016-11-22 13:05:47', 'III.', 'Križ', 15),
    (343, NULL, '2016-11-22 13:05:47', NULL, '2016-11-22 13:05:47', 'III.', 'Luka', 15),
    (344, NULL, '2016-11-22 13:05:47', NULL, '2016-11-22 13:05:47', 'III.', 'Križevci', 11),
    (345, NULL, '2016-11-22 13:05:47', NULL, '2016-11-22 13:05:47', 'III.', 'Vrbovec', 15),
    (346, NULL, '2016-11-22 13:05:47', NULL, '2016-11-22 13:05:47', 'III.', 'Kravarsko', 15),
    (347, NULL, '2016-11-22 13:05:47', NULL, '2016-11-22 13:05:47', 'III.', 'Klanjec', 18),
    (348, NULL, '2016-11-22 13:05:47', NULL, '2016-11-22 13:05:47', 'III.', 'Orahovica', 3),
    (349, NULL, '2016-11-22 13:05:47', NULL, '2016-11-22 13:05:47', 'III.', 'Požega', 14),
    (350, NULL, '2016-11-22 13:05:47', NULL, '2016-11-22 13:05:47', 'III.', 'Novi Marof', 13),
    (351, NULL, '2016-11-22 13:05:47', NULL, '2016-11-22 13:05:47', 'III.', 'Veliko Trgovišće', 18),
    (352, NULL, '2016-11-22 13:05:47', NULL, '2016-11-22 13:05:47', 'III.', 'Cerovlje', 20),
    (353, NULL, '2016-11-22 13:05:47', NULL, '2016-11-22 13:05:47', 'III.', 'Komiža', 10),
    (354, NULL, '2016-11-22 13:05:47', NULL, '2016-11-22 13:05:47', 'III.', 'Prelog', 12),
    (355, NULL, '2016-11-22 13:05:47', NULL, '2016-11-22 13:05:47', 'III.', 'Perušić', 9),
    (356, NULL, '2016-11-22 13:05:47', NULL, '2016-11-22 13:05:47', 'III.', 'Daruvar', 5),
    (357, NULL, '2016-11-22 13:05:47', NULL, '2016-11-22 13:05:47', 'III.', 'Virovitica', 3),
    (358, NULL, '2016-11-22 13:05:47', NULL, '2016-11-22 13:05:47', 'III.', 'Dubravica', 15),
    (359, NULL, '2016-11-22 13:05:47', NULL, '2016-11-22 13:05:47', 'III.', 'Klis', 10),
    (360, NULL, '2016-11-22 13:05:47', NULL, '2016-11-22 13:05:47', 'III.', 'Vela Luka', 17),
    (361, NULL, '2016-11-22 13:05:47', NULL, '2016-11-22 13:05:47', 'III.', 'Sveti Filip i Jakov', 16),
    (362, NULL, '2016-11-22 13:05:47', NULL, '2016-11-22 13:05:47', 'III.', 'Duga Resa', 7),
    (363, NULL, '2016-11-22 13:05:47', NULL, '2016-11-22 13:05:47', 'III.', 'Donja Stubica', 18),
    (364, NULL, '2016-11-22 13:05:47', NULL, '2016-11-22 13:05:47', 'III.', 'Strahoninec', 12),
    (365, NULL, '2016-11-22 13:05:47', NULL, '2016-11-22 13:05:47', 'III.', 'Omiš', 10),
    (366, NULL, '2016-11-22 13:05:47', NULL, '2016-11-22 13:05:47', 'III.', 'Jakovlje', 15),
    (367, NULL, '2016-11-22 13:05:47', NULL, '2016-11-22 13:05:47', 'III.', 'Motovun', 20),
    (368, NULL, '2016-11-22 13:05:47', NULL, '2016-11-22 13:05:47', 'III.', 'Gospić', 9),
    (369, NULL, '2016-11-22 13:05:47', NULL, '2016-11-22 13:05:47', 'III.', 'Selca', 10),
    (370, NULL, '2016-11-22 13:05:47', NULL, '2016-11-22 13:05:47', 'III.', 'Varaždinske Toplice', 13),
    (371, NULL, '2016-11-22 13:05:47', NULL, '2016-11-22 13:05:47', 'III.', 'Marija Bistrica', 18),
    (372, NULL, '2016-11-22 13:05:47', NULL, '2016-11-22 13:05:47', 'III.', 'Karojba', 20),
    (373, NULL, '2016-11-22 13:05:47', NULL, '2016-11-22 13:05:47', 'III.', 'Vinkovci', 4),
    (374, NULL, '2016-11-22 13:05:47', NULL, '2016-11-22 13:05:47', 'III.', 'Dugi Rat', 10),
    (375, NULL, '2016-11-22 13:05:47', NULL, '2016-11-22 13:05:47', 'III.', 'Senj', 9),
    (376, NULL, '2016-11-22 13:05:47', NULL, '2016-11-22 13:05:47', 'III.', 'Bjelovar', 5),
    (377, NULL, '2016-11-22 13:05:47', NULL, '2016-11-22 13:05:47', 'III.', 'Ogulin', 7),
    (378, NULL, '2016-11-22 13:05:47', NULL, '2016-11-22 13:05:47', 'III.', 'Lumbarda', 17),
    (379, NULL, '2016-11-22 13:05:47', NULL, '2016-11-22 13:05:47', 'III.', 'Orebić', 17),
    (380, NULL, '2016-11-22 13:05:47', NULL, '2016-11-22 13:05:47', 'III.', 'Gradac', 10),
    (381, NULL, '2016-11-22 13:05:47', NULL, '2016-11-22 13:05:47', 'III.', 'Kaštela', 10),
    (382, NULL, '2016-11-22 13:05:47', NULL, '2016-11-22 13:05:47', 'III.', 'Pirovac', 1),
    (383, NULL, '2016-11-22 13:05:47', NULL, '2016-11-22 13:05:47', 'III.', 'Janjina', 17),
    (384, NULL, '2016-11-22 13:05:47', NULL, '2016-11-22 13:05:47', 'III.', 'Ivanec', 13),
    (385, NULL, '2016-11-22 13:05:47', NULL, '2016-11-22 13:05:47', 'III.', 'Bilice', 1),
    (386, NULL, '2016-11-22 13:05:47', NULL, '2016-11-22 13:05:47', 'III.', 'Čabar', 19),
    (387, NULL, '2016-11-22 13:05:47', NULL, '2016-11-22 13:05:47', 'III.', 'Pučišća', 10),
    (388, NULL, '2016-11-22 13:05:47', NULL, '2016-11-22 13:05:47', 'III.', 'Brod Moravice', 19),
    (389, NULL, '2016-11-22 13:05:47', NULL, '2016-11-22 13:05:47', 'III.', 'Kutina', 2),
    (390, NULL, '2016-11-22 13:05:47', NULL, '2016-11-22 13:05:47', 'III.', 'Konjščina', 18),
    (391, NULL, '2016-11-22 13:05:47', NULL, '2016-11-22 13:05:47', 'III.', 'Privlaka (Zadar)', 16),
    (392, NULL, '2016-11-22 13:05:47', NULL, '2016-11-22 13:05:47', 'III.', 'Lovinac', 9),
    (393, NULL, '2016-11-22 13:05:47', NULL, '2016-11-22 13:05:47', 'III.', 'Sveti Ivan Zelina', 15),
    (394, NULL, '2016-11-22 13:05:47', NULL, '2016-11-22 13:05:47', 'III.', 'Dubrovačko primorje', 17),
    (395, NULL, '2016-11-22 13:05:47', NULL, '2016-11-22 13:05:47', 'III.', 'Velika Ludina', 2),
    (396, NULL, '2016-11-22 13:05:47', NULL, '2016-11-22 13:05:47', 'III.', 'Trnovec Bartolovečki', 13),
    (397, NULL, '2016-11-22 13:05:47', NULL, '2016-11-22 13:05:47', 'III.', 'Oroslavje', 18),
    (398, NULL, '2016-11-22 13:05:47', NULL, '2016-11-22 13:05:47', 'III.', 'Hum na Sutli', 18),
    (399, NULL, '2016-11-22 13:05:47', NULL, '2016-11-22 13:05:47', 'III.', 'Oprtalj', 20),
    (400, NULL, '2016-11-22 13:05:47', NULL, '2016-11-22 13:05:47', 'III.', 'Sućuraj', 10),
    (401, NULL, '2016-11-22 13:05:47', NULL, '2016-11-22 13:05:47', 'III.', 'Ludbreg', 13),
    (402, NULL, '2016-11-22 13:05:47', NULL, '2016-11-22 13:05:47', 'III.', 'Trpanj', 17),
    (403, NULL, '2016-11-22 13:05:47', NULL, '2016-11-22 13:05:47', 'III.', 'Blato', 17),
    (404, NULL, '2016-11-22 13:05:47', NULL, '2016-11-22 13:05:47', 'III.', 'Gornji Kneginec', 13),
    (405, NULL, '2016-11-22 13:05:47', NULL, '2016-11-22 13:05:47', 'III.', 'Gračišće', 20),
    (406, NULL, '2016-11-22 13:05:47', NULL, '2016-11-22 13:05:47', 'III.', 'Pašman', 16),
    (407, NULL, '2016-11-22 13:05:47', NULL, '2016-11-22 13:05:47', 'III.', 'Ploče', 17),
    (408, NULL, '2016-11-22 13:05:47', NULL, '2016-11-22 13:05:47', 'III.', 'Pisarovina', 15),
    (409, NULL, '2016-11-22 13:05:47', NULL, '2016-11-22 13:05:47', 'III.', 'Klinča Sela', 15),
    (410, NULL, '2016-11-22 13:05:47', NULL, '2016-11-22 13:05:47', 'III.', 'Zlatar-Bistrica', 18),
    (411, NULL, '2016-11-22 13:05:47', NULL, '2016-11-22 13:05:47', 'III.', 'Nerežišća', 10),
    (412, NULL, '2016-11-22 13:05:47', NULL, '2016-11-22 13:05:47', 'III.', 'Lanišće', 20),
    (413, NULL, '2016-11-22 13:05:47', NULL, '2016-11-22 13:05:47', 'III.', 'Krapina', 18),
    (414, NULL, '2016-11-22 13:05:47', NULL, '2016-11-22 13:05:47', 'III.', 'Grožnjan', 20),
    (415, NULL, '2016-11-22 13:05:47', NULL, '2016-11-22 13:05:47', 'III.', 'Molve', 11),
    (416, NULL, '2016-11-22 13:05:47', NULL, '2016-11-22 13:05:47', 'III.', 'Podstrana', 10),
    (417, NULL, '2016-11-22 13:05:47', NULL, '2016-11-22 13:05:47', 'III.', 'Ravna Gora', 19),
    (418, NULL, '2016-11-22 13:05:47', NULL, '2016-11-22 13:05:47', 'III.', 'Mrkopalj', 19),
    (419, NULL, '2016-11-22 13:05:47', NULL, '2016-11-22 13:05:47', 'III.', 'Korčula', 17),
    (420, NULL, '2016-11-22 13:05:47', NULL, '2016-11-22 13:05:47', 'III.', 'Bistra', 15),
    (421, NULL, '2016-11-22 13:05:47', NULL, '2016-11-22 13:05:47', 'III.', 'Marija Gorica', 15),
    (422, NULL, '2016-11-22 13:05:47', NULL, '2016-11-22 13:05:47', 'III.', 'Jelenje', 19),
    (423, NULL, '2016-11-22 13:05:47', NULL, '2016-11-22 13:05:47', 'III.', 'Krapinske Toplice', 18),
    (424, NULL, '2016-11-22 13:05:47', NULL, '2016-11-22 13:05:47', 'III.', 'Starigrad', 16),
    (425, NULL, '2016-11-22 13:05:47', NULL, '2016-11-22 13:05:47', 'III.', 'Tkon', 16),
    (426, NULL, '2016-11-22 13:05:47', NULL, '2016-11-22 13:05:47', 'III.', 'Ivanić-Grad', 15),
    (427, NULL, '2016-11-22 13:05:47', NULL, '2016-11-22 13:05:47', 'III.', 'Karlovac', 7),
    (428, NULL, '2016-11-22 13:05:47', NULL, '2016-11-22 13:05:47', 'III.', 'Kalinovac', 11),
    (429, NULL, '2016-11-22 13:05:47', NULL, '2016-11-22 13:05:47', 'III.', 'Jelsa', 10),
    (430, NULL, '2016-11-22 13:05:47', NULL, '2016-11-22 13:05:47', 'III.', 'Tinjan', 20),
    (431, NULL, '2016-11-22 13:05:47', NULL, '2016-11-22 13:05:47', 'III.', 'Okrug', 10),
    (432, NULL, '2016-11-22 13:05:47', NULL, '2016-11-22 13:05:47', 'III.', 'Vižinada', 20),
    (433, NULL, '2016-11-22 13:05:47', NULL, '2016-11-22 13:05:47', 'III.', 'Tribunj', 1),
    (434, NULL, '2016-11-22 13:05:47', NULL, '2016-11-22 13:05:47', 'III.', 'Vodice', 1),
    (435, NULL, '2016-11-22 13:05:47', NULL, '2016-11-22 13:05:47', 'III.', 'Sisak', 2),
    (436, NULL, '2016-11-22 13:05:47', NULL, '2016-11-22 13:05:47', 'III.', 'Mljet', 17),
    (437, NULL, '2016-11-22 13:05:47', NULL, '2016-11-22 13:05:47', 'III.', 'Pušća', 15),
    (438, NULL, '2016-11-22 13:05:47', NULL, '2016-11-22 13:05:47', 'IV.', 'Lupoglav', 20),
    (439, NULL, '2016-11-22 13:05:47', NULL, '2016-11-22 13:05:47', 'IV.', 'Šenkovec', 12),
    (440, NULL, '2016-11-22 13:05:47', NULL, '2016-11-22 13:05:47', 'IV.', 'Pićan', 20),
    (441, NULL, '2016-11-22 13:05:47', NULL, '2016-11-22 13:05:47', 'IV.', 'Sveti Petar u Šumi', 20),
    (442, NULL, '2016-11-22 13:05:47', NULL, '2016-11-22 13:05:47', 'IV.', 'Trogir', 10),
    (443, NULL, '2016-11-22 13:05:47', NULL, '2016-11-22 13:05:47', 'IV.', 'Čavle', 19),
    (444, NULL, '2016-11-22 13:05:47', NULL, '2016-11-22 13:05:47', 'IV.', 'Tisno', 1),
    (445, NULL, '2016-11-22 13:05:47', NULL, '2016-11-22 13:05:47', 'IV.', 'Osijek', 8),
    (446, NULL, '2016-11-22 13:05:47', NULL, '2016-11-22 13:05:47', 'IV.', 'Župa dubrovačka', 17),
    (447, NULL, '2016-11-22 13:05:47', NULL, '2016-11-22 13:05:47', 'IV.', 'Vis', 10),
    (448, NULL, '2016-11-22 13:05:47', NULL, '2016-11-22 13:05:47', 'IV.', 'Preko', 16),
    (449, NULL, '2016-11-22 13:05:47', NULL, '2016-11-22 13:05:47', 'IV.', 'Stubičke Toplice', 18),
    (450, NULL, '2016-11-22 13:05:47', NULL, '2016-11-22 13:05:47', 'IV.', 'Stari Grad', 10),
    (451, NULL, '2016-11-22 13:05:47', NULL, '2016-11-22 13:05:47', 'IV.', 'Sali', 16),
    (452, NULL, '2016-11-22 13:05:47', NULL, '2016-11-22 13:05:47', 'IV.', 'Čakovec', 12),
    (453, NULL, '2016-11-22 13:05:47', NULL, '2016-11-22 13:05:47', 'IV.', 'Murter', 1),
    (454, NULL, '2016-11-22 13:05:47', NULL, '2016-11-22 13:05:47', 'IV.', 'Delnice', 19),
    (455, NULL, '2016-11-22 13:05:47', NULL, '2016-11-22 13:05:47', 'IV.', 'Kali', 16),
    (456, NULL, '2016-11-22 13:05:48', NULL, '2016-11-22 13:05:48', 'IV.', 'Podgora', 10),
    (457, NULL, '2016-11-22 13:05:48', NULL, '2016-11-22 13:05:48', 'IV.', 'Klana', 19),
    (458, NULL, '2016-11-22 13:05:48', NULL, '2016-11-22 13:05:48', 'IV.', 'Postira', 10),
    (459, NULL, '2016-11-22 13:05:48', NULL, '2016-11-22 13:05:48', 'IV.', 'Lastovo', 17),
    (460, NULL, '2016-11-22 13:05:48', NULL, '2016-11-22 13:05:48', 'IV.', 'Šibenik', 1),
    (461, NULL, '2016-11-22 13:05:48', NULL, '2016-11-22 13:05:48', 'IV.', 'Skrad', 19),
    (462, NULL, '2016-11-22 13:05:48', NULL, '2016-11-22 13:05:48', 'IV.', 'Raša', 20),
    (463, NULL, '2016-11-22 13:05:48', NULL, '2016-11-22 13:05:48', 'IV.', 'Jastrebarsko', 15),
    (464, NULL, '2016-11-22 13:05:48', NULL, '2016-11-22 13:05:48', 'IV.', 'Povljana', 16),
    (465, NULL, '2016-11-22 13:05:48', NULL, '2016-11-22 13:05:48', 'IV.', 'Brdovec', 15),
    (466, NULL, '2016-11-22 13:05:48', NULL, '2016-11-22 13:05:48', 'IV.', 'Tučepi', 10),
    (467, NULL, '2016-11-22 13:05:48', NULL, '2016-11-22 13:05:48', 'IV.', 'Solin', 10),
    (468, NULL, '2016-11-22 13:05:48', NULL, '2016-11-22 13:05:48', 'IV.', 'Buje', 20),
    (469, NULL, '2016-11-22 13:05:48', NULL, '2016-11-22 13:05:48', 'IV.', 'Svetvinčenat', 20),
    (470, NULL, '2016-11-22 13:05:48', NULL, '2016-11-22 13:05:48', 'IV.', 'Konavle', 17),
    (471, NULL, '2016-11-22 13:05:48', NULL, '2016-11-22 13:05:48', 'IV.', 'Split', 10),
    (472, NULL, '2016-11-22 13:05:48', NULL, '2016-11-22 13:05:48', 'IV.', 'Sveti Lovreč', 20),
    (473, NULL, '2016-11-22 13:05:48', NULL, '2016-11-22 13:05:48', 'IV.', 'Dugo Selo', 15),
    (474, NULL, '2016-11-22 13:05:48', NULL, '2016-11-22 13:05:48', 'IV.', 'Višnjan', 20),
    (475, NULL, '2016-11-22 13:05:48', NULL, '2016-11-22 13:05:48', 'IV.', 'Vinodolska općina', 19),
    (476, NULL, '2016-11-22 13:05:48', NULL, '2016-11-22 13:05:48', 'IV.', 'Pag', 16),
    (477, NULL, '2016-11-22 13:05:48', NULL, '2016-11-22 13:05:48', 'IV.', 'Žminj', 20),
    (478, NULL, '2016-11-22 13:05:48', NULL, '2016-11-22 13:05:48', 'IV.', 'Zabok', 18),
    (479, NULL, '2016-11-22 13:05:48', NULL, '2016-11-22 13:05:48', 'IV.', 'Zadar', 16),
    (480, NULL, '2016-11-22 13:05:48', NULL, '2016-11-22 13:05:48', 'IV.', 'Barban', 20),
    (481, NULL, '2016-11-22 13:05:48', NULL, '2016-11-22 13:05:48', 'IV.', 'Lokve', 19),
    (482, NULL, '2016-11-22 13:05:48', NULL, '2016-11-22 13:05:48', 'IV.', 'Milna', 10),
    (483, NULL, '2016-11-22 13:05:48', NULL, '2016-11-22 13:05:48', 'IV.', 'Sveta Nedelja (Istra)', 20),
    (484, NULL, '2016-11-22 13:05:48', NULL, '2016-11-22 13:05:48', 'IV.', 'Kraljevica', 19),
    (485, NULL, '2016-11-22 13:05:48', NULL, '2016-11-22 13:05:48', 'IV.', 'Nin', 16),
    (486, NULL, '2016-11-22 13:05:48', NULL, '2016-11-22 13:05:48', 'IV.', 'Pazin', 20),
    (487, NULL, '2016-11-22 13:05:48', NULL, '2016-11-22 13:05:48', 'IV.', 'Velika Gorica', 15),
    (488, NULL, '2016-11-22 13:05:48', NULL, '2016-11-22 13:05:48', 'IV.', 'Kaštelir - Labinci', 20),
    (489, NULL, '2016-11-22 13:05:48', NULL, '2016-11-22 13:05:48', 'IV.', 'Zadvarje', 10),
    (490, NULL, '2016-11-22 13:05:48', NULL, '2016-11-22 13:05:48', 'IV.', 'Vodnjan', 20),
    (491, NULL, '2016-11-22 13:05:48', NULL, '2016-11-22 13:05:48', 'IV.', 'Koprivnica', 11),
    (492, NULL, '2016-11-22 13:05:48', NULL, '2016-11-22 13:05:48', 'IV.', 'Primošten', 1),
    (493, NULL, '2016-11-22 13:05:48', NULL, '2016-11-22 13:05:48', 'IV.', 'Rogoznica', 1),
    (494, NULL, '2016-11-22 13:05:48', NULL, '2016-11-22 13:05:48', 'IV.', 'Kukljica', 16),
    (495, NULL, '2016-11-22 13:05:48', NULL, '2016-11-22 13:05:48', 'IV.', 'Fužine', 19),
    (496, NULL, '2016-11-22 13:05:48', NULL, '2016-11-22 13:05:48', 'IV.', 'Brela', 10),
    (497, NULL, '2016-11-22 13:05:48', NULL, '2016-11-22 13:05:48', 'IV.', 'Karlobag', 9),
    (498, NULL, '2016-11-22 13:05:48', NULL, '2016-11-22 13:05:48', 'IV.', 'Matulji', 19),
    (499, NULL, '2016-11-22 13:05:48', NULL, '2016-11-22 13:05:48', 'IV.', 'Supetar', 10),
    (500, NULL, '2016-11-22 13:05:48', NULL, '2016-11-22 13:05:48', 'IV.', 'Stupnik', 15),
    (501, NULL, '2016-11-22 13:05:48', NULL, '2016-11-22 13:05:48', 'IV.', 'Brtonigla', 20),
    (502, NULL, '2016-11-22 13:05:48', NULL, '2016-11-22 13:05:48', 'IV.', 'Marčana', 20),
    (503, NULL, '2016-11-22 13:05:48', NULL, '2016-11-22 13:05:48', 'IV.', 'Dugopolje', 10),
    (504, NULL, '2016-11-22 13:05:48', NULL, '2016-11-22 13:05:48', 'IV.', 'Rab', 19),
    (505, NULL, '2016-11-22 13:05:48', NULL, '2016-11-22 13:05:48', 'IV.', 'Baška Voda', 10),
    (506, NULL, '2016-11-22 13:05:48', NULL, '2016-11-22 13:05:48', 'IV.', 'Kastav', 19),
    (507, NULL, '2016-11-22 13:05:48', NULL, '2016-11-22 13:05:48', 'IV.', 'Buzet', 20),
    (508, NULL, '2016-11-22 13:05:48', NULL, '2016-11-22 13:05:48', 'IV.', 'Rijeka', 19),
    (509, NULL, '2016-11-22 13:05:48', NULL, '2016-11-22 13:05:48', 'IV.', 'Labin', 20),
    (510, NULL, '2016-11-22 13:05:48', NULL, '2016-11-22 13:05:48', 'IV.', 'Šolta', 10),
    (511, NULL, '2016-11-22 13:05:48', NULL, '2016-11-22 13:05:48', 'IV.', 'Varaždin', 13),
    (512, NULL, '2016-11-22 13:05:48', NULL, '2016-11-22 13:05:48', 'IV.', 'Mošćenička Draga', 19),
    (513, NULL, '2016-11-22 13:05:48', NULL, '2016-11-22 13:05:48', 'IV.', 'Makarska', 10),
    (514, NULL, '2016-11-22 13:05:48', NULL, '2016-11-22 13:05:48', 'IV.', 'Pula', 20),
    (515, NULL, '2016-11-22 13:05:48', NULL, '2016-11-22 13:05:48', 'IV.', 'LOPAR', 19),
    (516, NULL, '2016-11-22 13:05:48', NULL, '2016-11-22 13:05:48', 'IV.', 'Novi Vinodolski', 19),
    (517, NULL, '2016-11-22 13:05:48', NULL, '2016-11-22 13:05:48', 'IV.', 'Sveta Nedelja (Samobor', 15),
    (518, NULL, '2016-11-22 13:05:48', NULL, '2016-11-22 13:05:48', 'IV.', 'Biograd na moru', 16),
    (519, NULL, '2016-11-22 13:05:48', NULL, '2016-11-22 13:05:48', 'IV.', 'Crikvenica', 19),
    (520, NULL, '2016-11-22 13:05:48', NULL, '2016-11-22 13:05:48', 'IV.', 'Samobor', 15),
    (521, NULL, '2016-11-22 13:05:48', NULL, '2016-11-22 13:05:48', 'IV.', 'Kršan', 20),
    (522, NULL, '2016-11-22 13:05:48', NULL, '2016-11-22 13:05:48', 'IV.', 'Bakar', 19),
    (523, NULL, '2016-11-22 13:05:48', NULL, '2016-11-22 13:05:48', 'IV.', 'Lovran', 19),
    (524, NULL, '2016-11-22 13:05:48', NULL, '2016-11-22 13:05:48', 'IV.', 'Hvar', 10),
    (525, NULL, '2016-11-22 13:05:48', NULL, '2016-11-22 13:05:48', 'IV.', 'Ližnjan', 20),
    (526, NULL, '2016-11-22 13:05:48', NULL, '2016-11-22 13:05:48', 'IV.', 'Zaprešić', 15),
    (527, NULL, '2016-11-22 13:05:48', NULL, '2016-11-22 13:05:48', 'IV.', 'Vrbnik', 19),
    (528, NULL, '2016-11-22 13:05:48', NULL, '2016-11-22 13:05:48', 'IV.', 'Kanfanar', 20),
    (529, NULL, '2016-11-22 13:05:48', NULL, '2016-11-22 13:05:48', 'IV.', 'Mali Lošinj', 19),
    (530, NULL, '2016-11-22 13:05:48', NULL, '2016-11-22 13:05:48', 'IV.', 'Viškovo', 19),
    (531, NULL, '2016-11-22 13:05:48', NULL, '2016-11-22 13:05:48', 'V.', 'Novalja', 9),
    (532, NULL, '2016-11-22 13:05:48', NULL, '2016-11-22 13:05:48', 'V.', 'Dubrovnik', 17),
    (533, NULL, '2016-11-22 13:05:48', NULL, '2016-11-22 13:05:48', 'V.', 'Tar-Vabriga', 20),
    (534, NULL, '2016-11-22 13:05:48', NULL, '2016-11-22 13:05:48', 'V.', 'Cres', 19),
    (535, NULL, '2016-11-22 13:05:48', NULL, '2016-11-22 13:05:48', 'V.', 'Bale', 20),
    (536, NULL, '2016-11-22 13:05:48', NULL, '2016-11-22 13:05:48', 'V.', 'Vrsar', 20),
    (537, NULL, '2016-11-22 13:05:48', NULL, '2016-11-22 13:05:48', 'V.', 'Opatija', 19),
    (538, NULL, '2016-11-22 13:05:48', NULL, '2016-11-22 13:05:48', 'V.', 'Fažana', 20),
    (539, NULL, '2016-11-22 13:05:48', NULL, '2016-11-22 13:05:48', 'V.', 'Kolan', 16),
    (540, NULL, '2016-11-22 13:05:48', NULL, '2016-11-22 13:05:48', 'V.', 'Rovinj', 20),
    (541, NULL, '2016-11-22 13:05:48', NULL, '2016-11-22 13:05:48', 'V.', 'Poreč', 20),
    (542, NULL, '2016-11-22 13:05:48', NULL, '2016-11-22 13:05:48', 'V.', 'Krk', 19),
    (543, NULL, '2016-11-22 13:05:48', NULL, '2016-11-22 13:05:48', 'V.', 'Umag', 20),
    (544, NULL, '2016-11-22 13:05:48', NULL, '2016-11-22 13:05:48', 'V.', 'Punat', 19),
    (545, NULL, '2016-11-22 13:05:48', NULL, '2016-11-22 13:05:48', 'V.', 'Bol', 10),
    (546, NULL, '2016-11-22 13:05:48', NULL, '2016-11-22 13:05:48', 'V.', 'Sutivan', 10),
    (547, NULL, '2016-11-22 13:05:48', NULL, '2016-11-22 13:05:48', 'V.', 'Dobrinj', 19),
    (548, NULL, '2016-11-22 13:05:48', NULL, '2016-11-22 13:05:48', 'V.', 'Grad Zagreb', 21),
    (549, NULL, '2016-11-22 13:05:48', NULL, '2016-11-22 13:05:48', 'V.', 'Novigrad (Istra)', 20),
    (550, NULL, '2016-11-22 13:05:48', NULL, '2016-11-22 13:05:48', 'V.', 'Medulin', 20),
    (551, NULL, '2016-11-22 13:05:48', NULL, '2016-11-22 13:05:48', 'V.', 'Baška', 19),
    (552, NULL, '2016-11-22 13:05:48', NULL, '2016-11-22 13:05:48', 'V.', 'Omišalj', 19),
    (553, NULL, '2016-11-22 13:05:48', NULL, '2016-11-22 13:05:48', 'V.', 'Malinska-Dubašnica', 19),
    (554, NULL, '2016-11-22 13:05:48', NULL, '2016-11-22 13:05:48', 'V.', 'Funtana - Fontane', 20),
    (555, NULL, '2016-11-22 13:05:48', NULL, '2016-11-22 13:05:48', 'V.', 'Vir', 16),
    (556, NULL, '2016-11-22 13:05:48', NULL, '2016-11-22 13:05:48', 'V.', 'Kostrena', 19);

################################################################################################################################
# nkd
################################################################################################################################
INSERT INTO `nkd` (`id`, `created_by`, `creation_date`, `last_modified_by`, `last_modified_date`, `activity`, `activity_name`, `area`, `sector`, `sector_name`)
VALUES
    (1, NULL, '2016-11-22 13:05:48', NULL, '2016-11-22 13:05:48', '11', 'Uzgoj žitarica (osim riže), mahunarki i uljanog sjemenja', '01', 'A', 'Poljoprivreda, šumarstvo i ribarstvo'),
    (2, NULL, '2016-11-22 13:05:48', NULL, '2016-11-22 13:05:48', '12', 'Uzgoj riže', '01', 'A', 'Poljoprivreda, šumarstvo i ribarstvo'),
    (3, NULL, '2016-11-22 13:05:48', NULL, '2016-11-22 13:05:48', '13', 'Uzgoj povrća, dinja i lubenica, korjenastog i gomoljastog povrća', '01', 'A', 'Poljoprivreda, šumarstvo i ribarstvo'),
    (4, NULL, '2016-11-22 13:05:48', NULL, '2016-11-22 13:05:48', '14', 'Uzgoj šećerne trske', '01', 'A', 'Poljoprivreda, šumarstvo i ribarstvo'),
    (5, NULL, '2016-11-22 13:05:48', NULL, '2016-11-22 13:05:48', '15', 'Uzgoj duhana', '01', 'A', 'Poljoprivreda, šumarstvo i ribarstvo'),
    (6, NULL, '2016-11-22 13:05:48', NULL, '2016-11-22 13:05:48', '16', 'Uzgoj predivog bilja', '01', 'A', 'Poljoprivreda, šumarstvo i ribarstvo'),
    (7, NULL, '2016-11-22 13:05:48', NULL, '2016-11-22 13:05:48', '19', 'Uzgoj ostalih jednogodišnjih usjeva', '01', 'A', 'Poljoprivreda, šumarstvo i ribarstvo'),
    (8, NULL, '2016-11-22 13:05:48', NULL, '2016-11-22 13:05:48', '21', 'Uzgoj grožđa', '01', 'A', 'Poljoprivreda, šumarstvo i ribarstvo'),
    (9, NULL, '2016-11-22 13:05:48', NULL, '2016-11-22 13:05:48', '22', 'Uzgoj tropskog i suptropskog voća', '01', 'A', 'Poljoprivreda, šumarstvo i ribarstvo'),
    (10, NULL, '2016-11-22 13:05:48', NULL, '2016-11-22 13:05:48', '23', 'Uzgoj agruma', '01', 'A', 'Poljoprivreda, šumarstvo i ribarstvo'),
    (11, NULL, '2016-11-22 13:05:48', NULL, '2016-11-22 13:05:48', '24', 'Uzgoj jezgričavog i koštuničavog voća', '01', 'A', 'Poljoprivreda, šumarstvo i ribarstvo'),
    (12, NULL, '2016-11-22 13:05:48', NULL, '2016-11-22 13:05:48', '25', 'Uzgoj bobičastog, orašastog i ostalog voća', '01', 'A', 'Poljoprivreda, šumarstvo i ribarstvo'),
    (13, NULL, '2016-11-22 13:05:48', NULL, '2016-11-22 13:05:48', '26', 'Uzgoj uljanih plodova', '01', 'A', 'Poljoprivreda, šumarstvo i ribarstvo'),
    (14, NULL, '2016-11-22 13:05:48', NULL, '2016-11-22 13:05:48', '27', 'Uzgoj usjeva za pripremanje napitaka', '01', 'A', 'Poljoprivreda, šumarstvo i ribarstvo'),
    (15, NULL, '2016-11-22 13:05:48', NULL, '2016-11-22 13:05:48', '28', 'Uzgoj bilja za uporabu u farmaciji, aromatskog, začinskog i ljekovitog bilja', '01', 'A', 'Poljoprivreda, šumarstvo i ribarstvo'),
    (16, NULL, '2016-11-22 13:05:48', NULL, '2016-11-22 13:05:48', '29', 'Uzgoj ostalih višegodišnjih usjeva', '01', 'A', 'Poljoprivreda, šumarstvo i ribarstvo'),
    (17, NULL, '2016-11-22 13:05:48', NULL, '2016-11-22 13:05:48', '30', 'Uzgoj sadnog materijala i ukrasnog bilja', '01', 'A', 'Poljoprivreda, šumarstvo i ribarstvo'),
    (18, NULL, '2016-11-22 13:05:48', NULL, '2016-11-22 13:05:48', '41', 'Uzgoj muznih krava', '01', 'A', 'Poljoprivreda, šumarstvo i ribarstvo'),
    (19, NULL, '2016-11-22 13:05:48', NULL, '2016-11-22 13:05:48', '42', 'Uzgoj ostalih goveda i bivola', '01', 'A', 'Poljoprivreda, šumarstvo i ribarstvo'),
    (20, NULL, '2016-11-22 13:05:48', NULL, '2016-11-22 13:05:48', '43', 'Uzgoj konja, magaraca, mula i mazgi', '01', 'A', 'Poljoprivreda, šumarstvo i ribarstvo'),
    (21, NULL, '2016-11-22 13:05:48', NULL, '2016-11-22 13:05:48', '44', 'Uzgoj deva i ljama', '01', 'A', 'Poljoprivreda, šumarstvo i ribarstvo'),
    (22, NULL, '2016-11-22 13:05:48', NULL, '2016-11-22 13:05:48', '45', 'Uzgoj ovaca i koza', '01', 'A', 'Poljoprivreda, šumarstvo i ribarstvo'),
    (23, NULL, '2016-11-22 13:05:48', NULL, '2016-11-22 13:05:48', '46', 'Uzgoj svinja', '01', 'A', 'Poljoprivreda, šumarstvo i ribarstvo'),
    (24, NULL, '2016-11-22 13:05:48', NULL, '2016-11-22 13:05:48', '47', 'Uzgoj peradi', '01', 'A', 'Poljoprivreda, šumarstvo i ribarstvo'),
    (25, NULL, '2016-11-22 13:05:48', NULL, '2016-11-22 13:05:48', '49', 'Uzgoj ostalih životinja', '01', 'A', 'Poljoprivreda, šumarstvo i ribarstvo'),
    (26, NULL, '2016-11-22 13:05:48', NULL, '2016-11-22 13:05:48', '50', 'Mješovita proizvodnja', '01', 'A', 'Poljoprivreda, šumarstvo i ribarstvo'),
    (27, NULL, '2016-11-22 13:05:48', NULL, '2016-11-22 13:05:48', '61', 'Pomoćne djelatnosti za uzgoj usjeva', '01', 'A', 'Poljoprivreda, šumarstvo i ribarstvo'),
    (28, NULL, '2016-11-22 13:05:48', NULL, '2016-11-22 13:05:48', '62', 'Pomoćne djelatnosti za uzgoj životinja', '01', 'A', 'Poljoprivreda, šumarstvo i ribarstvo'),
    (29, NULL, '2016-11-22 13:05:48', NULL, '2016-11-22 13:05:48', '63', 'Djelatnosti koje se obavljaju nakon žetve usjeva (priprema usjeva za primarna tržišta)', '01', 'A', 'Poljoprivreda, šumarstvo i ribarstvo'),
    (30, NULL, '2016-11-22 13:05:48', NULL, '2016-11-22 13:05:48', '64', 'Dorada sjemena za sjemenski materijal', '01', 'A', 'Poljoprivreda, šumarstvo i ribarstvo'),
    (31, NULL, '2016-11-22 13:05:48', NULL, '2016-11-22 13:05:48', '70', 'Lov, stupičarenje i uslužne djelatnosti povezane s njima', '01', 'A', 'Poljoprivreda, šumarstvo i ribarstvo'),
    (32, NULL, '2016-11-22 13:05:48', NULL, '2016-11-22 13:05:48', '10', 'Uzgoj šuma i ostale djelatnosti u šumarstvu povezane s njime', '02', 'A', 'Poljoprivreda, šumarstvo i ribarstvo'),
    (33, NULL, '2016-11-22 13:05:48', NULL, '2016-11-22 13:05:48', '20', 'Sječa drva', '02', 'A', 'Poljoprivreda, šumarstvo i ribarstvo'),
    (34, NULL, '2016-11-22 13:05:48', NULL, '2016-11-22 13:05:48', '30', 'Skupljanje šumskih plodova i proizvoda, osim šumskih sortimenata', '02', 'A', 'Poljoprivreda, šumarstvo i ribarstvo'),
    (35, NULL, '2016-11-22 13:05:48', NULL, '2016-11-22 13:05:48', '40', 'Pomoćne usluge u šumarstvu', '02', 'A', 'Poljoprivreda, šumarstvo i ribarstvo'),
    (36, NULL, '2016-11-22 13:05:48', NULL, '2016-11-22 13:05:48', '11', 'Morski ribolov', '03', 'A', 'Poljoprivreda, šumarstvo i ribarstvo'),
    (37, NULL, '2016-11-22 13:05:48', NULL, '2016-11-22 13:05:48', '12', 'Slatkovodni ribolov', '03', 'A', 'Poljoprivreda, šumarstvo i ribarstvo'),
    (38, NULL, '2016-11-22 13:05:48', NULL, '2016-11-22 13:05:48', '21', 'Morska akvakultura', '03', 'A', 'Poljoprivreda, šumarstvo i ribarstvo'),
    (39, NULL, '2016-11-22 13:05:48', NULL, '2016-11-22 13:05:48', '22', 'Slatkovodna akvakultura', '03', 'A', 'Poljoprivreda, šumarstvo i ribarstvo'),
    (40, NULL, '2016-11-22 13:05:48', NULL, '2016-11-22 13:05:48', '10', 'Vađenje kamenog ugljena', '05', 'B', 'Rudarstvo i vađenje'),
    (41, NULL, '2016-11-22 13:05:48', NULL, '2016-11-22 13:05:48', '20', 'Vađenje lignita', '05', 'B', 'Rudarstvo i vađenje'),
    (42, NULL, '2016-11-22 13:05:48', NULL, '2016-11-22 13:05:48', '10', 'Vađenje sirove nafte', '06', 'B', 'Rudarstvo i vađenje'),
    (43, NULL, '2016-11-22 13:05:49', NULL, '2016-11-22 13:05:49', '20', 'Vađenje prirodnog plina', '06', 'B', 'Rudarstvo i vađenje'),
    (44, NULL, '2016-11-22 13:05:49', NULL, '2016-11-22 13:05:49', '10', 'Vađenje željeznih ruda', '07', 'B', 'Rudarstvo i vađenje'),
    (45, NULL, '2016-11-22 13:05:49', NULL, '2016-11-22 13:05:49', '21', 'Vađenje uranovih i torijevih ruda', '07', 'B', 'Rudarstvo i vađenje'),
    (46, NULL, '2016-11-22 13:05:49', NULL, '2016-11-22 13:05:49', '29', 'Vađenje ostalih ruda obojenih metala', '07', 'B', 'Rudarstvo i vađenje'),
    (47, NULL, '2016-11-22 13:05:49', NULL, '2016-11-22 13:05:49', '11', 'Vađenje ukrasnoga kamena i kamena za gradnju, vapnenca, gipsa, krede i škriljevca', '08', 'B', 'Rudarstvo i vađenje'),
    (48, NULL, '2016-11-22 13:05:49', NULL, '2016-11-22 13:05:49', '12', 'Djelatnosti šljunčara i pješčara; vađenje gline i kaolina', '08', 'B', 'Rudarstvo i vađenje'),
    (49, NULL, '2016-11-22 13:05:49', NULL, '2016-11-22 13:05:49', '91', 'Vađenje minerala za kemikalije i gnojiva', '08', 'B', 'Rudarstvo i vađenje'),
    (50, NULL, '2016-11-22 13:05:49', NULL, '2016-11-22 13:05:49', '92', 'Vađenje treseta', '08', 'B', 'Rudarstvo i vađenje'),
    (51, NULL, '2016-11-22 13:05:49', NULL, '2016-11-22 13:05:49', '93', 'Vađenje soli', '08', 'B', 'Rudarstvo i vađenje'),
    (52, NULL, '2016-11-22 13:05:49', NULL, '2016-11-22 13:05:49', '99', 'Vađenje ostalih ruda i kamena, dn', '08', 'B', 'Rudarstvo i vađenje'),
    (53, NULL, '2016-11-22 13:05:49', NULL, '2016-11-22 13:05:49', '10', 'Pomoćne djelatnosti za vađenje nafte i prirodnog plina', '09', 'B', 'Rudarstvo i vađenje'),
    (54, NULL, '2016-11-22 13:05:49', NULL, '2016-11-22 13:05:49', '90', 'Pomoćne djelatnosti za ostalo rudarstvo i vađenje', '09', 'B', 'Rudarstvo i vađenje'),
    (55, NULL, '2016-11-22 13:05:49', NULL, '2016-11-22 13:05:49', '11', 'Prerada i konzerviranje mesa', '10', 'C', 'Prerađivačka industrija'),
    (56, NULL, '2016-11-22 13:05:49', NULL, '2016-11-22 13:05:49', '12', 'Prerada i konzerviranje mesa peradi', '10', 'C', 'Prerađivačka industrija'),
    (57, NULL, '2016-11-22 13:05:49', NULL, '2016-11-22 13:05:49', '13', 'Proizvodnja proizvoda od mesa i mesa peradi', '10', 'C', 'Prerađivačka industrija'),
    (58, NULL, '2016-11-22 13:05:49', NULL, '2016-11-22 13:05:49', '20', 'Prerada i konzerviranje riba, rakova i školjki', '10', 'C', 'Prerađivačka industrija'),
    (59, NULL, '2016-11-22 13:05:49', NULL, '2016-11-22 13:05:49', '31', 'Prerada i konzerviranje krumpira', '10', 'C', 'Prerađivačka industrija'),
    (60, NULL, '2016-11-22 13:05:49', NULL, '2016-11-22 13:05:49', '32', 'Proizvodnja sokova od voća i povrća', '10', 'C', 'Prerađivačka industrija'),
    (61, NULL, '2016-11-22 13:05:49', NULL, '2016-11-22 13:05:49', '39', 'Ostala prerada i konzerviranje voća i povrća', '10', 'C', 'Prerađivačka industrija'),
    (62, NULL, '2016-11-22 13:05:49', NULL, '2016-11-22 13:05:49', '41', 'Proizvodnja ulja i masti', '10', 'C', 'Prerađivačka industrija'),
    (63, NULL, '2016-11-22 13:05:49', NULL, '2016-11-22 13:05:49', '42', 'Proizvodnja margarina i sličnih jestivih masti', '10', 'C', 'Prerađivačka industrija'),
    (64, NULL, '2016-11-22 13:05:49', NULL, '2016-11-22 13:05:49', '51', 'Djelatnosti mljekara i proizvođača sira', '10', 'C', 'Prerađivačka industrija'),
    (65, NULL, '2016-11-22 13:05:49', NULL, '2016-11-22 13:05:49', '52', 'Proizvodnja sladoleda', '10', 'C', 'Prerađivačka industrija'),
    (66, NULL, '2016-11-22 13:05:49', NULL, '2016-11-22 13:05:49', '61', 'Proizvodnja mlinskih proizvoda', '10', 'C', 'Prerađivačka industrija'),
    (67, NULL, '2016-11-22 13:05:49', NULL, '2016-11-22 13:05:49', '62', 'Proizvodnja škroba i škrobnih proizvoda', '10', 'C', 'Prerađivačka industrija'),
    (68, NULL, '2016-11-22 13:05:49', NULL, '2016-11-22 13:05:49', '71', 'Proizvodnja kruha; proizvodnja svježih peciva, slastičarskih proizvoda i kolača', '10', 'C', 'Prerađivačka industrija'),
    (69, NULL, '2016-11-22 13:05:49', NULL, '2016-11-22 13:05:49', '72', 'Proizvodnja dvopeka, keksa i srodnih proizvoda; proizvodnja trajnih peciva, slastičarskih proizvoda i kolača', '10', 'C', 'Prerađivačka industrija'),
    (70, NULL, '2016-11-22 13:05:49', NULL, '2016-11-22 13:05:49', '73', 'Proizvodnja makarona, njoka, kuskusa i slične tjestenine', '10', 'C', 'Prerađivačka industrija'),
    (71, NULL, '2016-11-22 13:05:49', NULL, '2016-11-22 13:05:49', '81', 'Proizvodnja šećera', '10', 'C', 'Prerađivačka industrija'),
    (72, NULL, '2016-11-22 13:05:49', NULL, '2016-11-22 13:05:49', '82', 'Proizvodnja kakao, čokoladnih i bombonskih proizvoda', '10', 'C', 'Prerađivačka industrija'),
    (73, NULL, '2016-11-22 13:05:49', NULL, '2016-11-22 13:05:49', '83', 'Prerada čaja i kave', '10', 'C', 'Prerađivačka industrija'),
    (74, NULL, '2016-11-22 13:05:49', NULL, '2016-11-22 13:05:49', '84', 'Proizvodnja začina i drugih dodataka hrani', '10', 'C', 'Prerađivačka industrija'),
    (75, NULL, '2016-11-22 13:05:49', NULL, '2016-11-22 13:05:49', '85', 'Proizvodnja gotove hrane i jela', '10', 'C', 'Prerađivačka industrija'),
    (76, NULL, '2016-11-22 13:05:49', NULL, '2016-11-22 13:05:49', '86', 'Proizvodnja homogeniziranih prehrambenih pripravaka i dijetetske hrane', '10', 'C', 'Prerađivačka industrija'),
    (77, NULL, '2016-11-22 13:05:49', NULL, '2016-11-22 13:05:49', '89', 'Proizvodnja ostalih prehrambenih proizvoda, dn', '10', 'C', 'Prerađivačka industrija'),
    (78, NULL, '2016-11-22 13:05:49', NULL, '2016-11-22 13:05:49', '91', 'Proizvodnja pripremljene stočne hrane', '10', 'C', 'Prerađivačka industrija'),
    (79, NULL, '2016-11-22 13:05:49', NULL, '2016-11-22 13:05:49', '92', 'Proizvodnja pripremljene hrane za kućne ljubimce', '10', 'C', 'Prerađivačka industrija'),
    (80, NULL, '2016-11-22 13:05:49', NULL, '2016-11-22 13:05:49', '01', 'Destiliranje, pročišćavanje i miješanje alkoholnih pića', '11', 'C', 'Prerađivačka industrija'),
    (81, NULL, '2016-11-22 13:05:49', NULL, '2016-11-22 13:05:49', '02', 'Proizvodnja vina od grožđa', '11', 'C', 'Prerađivačka industrija'),
    (82, NULL, '2016-11-22 13:05:49', NULL, '2016-11-22 13:05:49', '03', 'Proizvodnja jabukovače i ostalih voćnih vina', '11', 'C', 'Prerađivačka industrija'),
    (83, NULL, '2016-11-22 13:05:49', NULL, '2016-11-22 13:05:49', '04', 'Proizvodnja ostalih nedestiliranih fermentiranih pića', '11', 'C', 'Prerađivačka industrija'),
    (84, NULL, '2016-11-22 13:05:49', NULL, '2016-11-22 13:05:49', '05', 'Proizvodnja piva', '11', 'C', 'Prerađivačka industrija'),
    (85, NULL, '2016-11-22 13:05:49', NULL, '2016-11-22 13:05:49', '06', 'Proizvodnja slada', '11', 'C', 'Prerađivačka industrija'),
    (86, NULL, '2016-11-22 13:05:49', NULL, '2016-11-22 13:05:49', '07', 'Proizvodnja osvježavajućih napitaka; proizvodnja mineralne i drugih flaširanih voda 1200 Proizvodnja duhanskih proizvoda', '11', 'C', 'Prerađivačka industrija'),
    (87, NULL, '2016-11-22 13:05:49', NULL, '2016-11-22 13:05:49', '10', 'Priprema i predenje tekstilnih vlakana', '13', 'C', 'Prerađivačka industrija'),
    (88, NULL, '2016-11-22 13:05:49', NULL, '2016-11-22 13:05:49', '20', 'Tkanje tekstila', '13', 'C', 'Prerađivačka industrija'),
    (89, NULL, '2016-11-22 13:05:49', NULL, '2016-11-22 13:05:49', '30', 'Dovršavanje tekstila', '13', 'C', 'Prerađivačka industrija'),
    (90, NULL, '2016-11-22 13:05:49', NULL, '2016-11-22 13:05:49', '91', 'Proizvodnja pletenih i kukičanih tkanina', '13', 'C', 'Prerađivačka industrija'),
    (91, NULL, '2016-11-22 13:05:49', NULL, '2016-11-22 13:05:49', '92', 'Proizvodnja gotovih tekstilnih proizvoda, osim odjeće', '13', 'C', 'Prerađivačka industrija'),
    (92, NULL, '2016-11-22 13:05:49', NULL, '2016-11-22 13:05:49', '93', 'Proizvodnja tepiha i sagova', '13', 'C', 'Prerađivačka industrija'),
    (93, NULL, '2016-11-22 13:05:49', NULL, '2016-11-22 13:05:49', '94', 'Proizvodnja užadi, konopaca, upletenoga konca i mreža', '13', 'C', 'Prerađivačka industrija'),
    (94, NULL, '2016-11-22 13:05:49', NULL, '2016-11-22 13:05:49', '95', 'Proizvodnja netkanog tekstila i proizvoda od netkanog tekstila, osim odjeće', '13', 'C', 'Prerađivačka industrija'),
    (95, NULL, '2016-11-22 13:05:49', NULL, '2016-11-22 13:05:49', '96', 'Proizvodnja ostaloga tehničkog i industrijskog tekstila', '13', 'C', 'Prerađivačka industrija'),
    (96, NULL, '2016-11-22 13:05:49', NULL, '2016-11-22 13:05:49', '99', 'Proizvodnja ostalog tekstila, dn', '13', 'C', 'Prerađivačka industrija'),
    (97, NULL, '2016-11-22 13:05:49', NULL, '2016-11-22 13:05:49', '11', 'Proizvodnja kožne odjeće', '14', 'C', 'Prerađivačka industrija'),
    (98, NULL, '2016-11-22 13:05:49', NULL, '2016-11-22 13:05:49', '12', 'Proizvodnja radne odjeće', '14', 'C', 'Prerađivačka industrija'),
    (99, NULL, '2016-11-22 13:05:49', NULL, '2016-11-22 13:05:49', '13', 'Proizvodnja ostale vanjske odjeće', '14', 'C', 'Prerađivačka industrija'),
    (100, NULL, '2016-11-22 13:05:49', NULL, '2016-11-22 13:05:49', '14', 'Proizvodnja ostale vanjske odjeće', '14', 'C', 'Prerađivačka industrija'),
    (101, NULL, '2016-11-22 13:05:49', NULL, '2016-11-22 13:05:49', '19', 'Proizvodnja ostale odjeće i pribora za odjeću', '14', 'C', 'Prerađivačka industrija'),
    (102, NULL, '2016-11-22 13:05:49', NULL, '2016-11-22 13:05:49', '20', 'Proizvodnja proizvoda od krzna', '14', 'C', 'Prerađivačka industrija'),
    (103, NULL, '2016-11-22 13:05:49', NULL, '2016-11-22 13:05:49', '31', 'Proizvodnja pletenih i kukičanih čarapa', '14', 'C', 'Prerađivačka industrija'),
    (104, NULL, '2016-11-22 13:05:49', NULL, '2016-11-22 13:05:49', '39', 'Proizvodnja ostale pletene i kukičane odjeće', '14', 'C', 'Prerađivačka industrija'),
    (105, NULL, '2016-11-22 13:05:49', NULL, '2016-11-22 13:05:49', '11', 'Štavljenje i obrada kože; dorada i bojenje krzna', '15', 'C', 'Prerađivačka industrija'),
    (106, NULL, '2016-11-22 13:05:49', NULL, '2016-11-22 13:05:49', '12', 'Proizvodnja putnih i ručnih torba i slično, sedlarskih i remenarskih proizvoda', '15', 'C', 'Prerađivačka industrija'),
    (107, NULL, '2016-11-22 13:05:49', NULL, '2016-11-22 13:05:49', '20', 'Proizvodnja obuće', '15', 'C', 'Prerađivačka industrija'),
    (108, NULL, '2016-11-22 13:05:49', NULL, '2016-11-22 13:05:49', '10', 'Piljenje i blanjanje drva', '16', 'C', 'Prerađivačka industrija'),
    (109, NULL, '2016-11-22 13:05:49', NULL, '2016-11-22 13:05:49', '21', 'Proizvodnja furnira i ostalih ploča od drva', '16', 'C', 'Prerađivačka industrija'),
    (110, NULL, '2016-11-22 13:05:49', NULL, '2016-11-22 13:05:49', '22', 'Proizvodnja sastavljenog parketa', '16', 'C', 'Prerađivačka industrija'),
    (111, NULL, '2016-11-22 13:05:49', NULL, '2016-11-22 13:05:49', '23', 'Proizvodnja ostale građevne stolarije i elemenata', '16', 'C', 'Prerađivačka industrija'),
    (112, NULL, '2016-11-22 13:05:49', NULL, '2016-11-22 13:05:49', '24', 'Proizvodnja ambalaže od drva', '16', 'C', 'Prerađivačka industrija'),
    (113, NULL, '2016-11-22 13:05:49', NULL, '2016-11-22 13:05:49', '29', 'Proizvodnja ostalih proizvoda od drva, proizvoda od pluta, slame i pletarskih materijala', '16', 'C', 'Prerađivačka industrija'),
    (114, NULL, '2016-11-22 13:05:49', NULL, '2016-11-22 13:05:49', '11', 'Proizvodnja celuloze', '17', 'C', 'Prerađivačka industrija'),
    (115, NULL, '2016-11-22 13:05:49', NULL, '2016-11-22 13:05:49', '12', 'Proizvodnja papira i kartona', '17', 'C', 'Prerađivačka industrija'),
    (116, NULL, '2016-11-22 13:05:49', NULL, '2016-11-22 13:05:49', '21', 'Proizvodnja valovitog papira i kartona te ambalaže od papira i kartona', '17', 'C', 'Prerađivačka industrija'),
    (117, NULL, '2016-11-22 13:05:49', NULL, '2016-11-22 13:05:49', '22', 'Proizvodnja robe za kućanstvo i higijenu te toaletnih potrepština od papira', '17', 'C', 'Prerađivačka industrija'),
    (118, NULL, '2016-11-22 13:05:49', NULL, '2016-11-22 13:05:49', '23', 'Proizvodnja uredskog materijala od papira', '17', 'C', 'Prerađivačka industrija'),
    (119, NULL, '2016-11-22 13:05:49', NULL, '2016-11-22 13:05:49', '24', 'Proizvodnja zidnih tapeta', '17', 'C', 'Prerađivačka industrija'),
    (120, NULL, '2016-11-22 13:05:49', NULL, '2016-11-22 13:05:49', '29', 'Proizvodnja ostalih proizvoda od papira i kartona', '17', 'C', 'Prerađivačka industrija'),
    (121, NULL, '2016-11-22 13:05:49', NULL, '2016-11-22 13:05:49', '11', 'Tiskanje novina', '18', 'C', 'Prerađivačka industrija'),
    (122, NULL, '2016-11-22 13:05:49', NULL, '2016-11-22 13:05:49', '12', 'Ostalo tiskanje', '18', 'C', 'Prerađivačka industrija'),
    (123, NULL, '2016-11-22 13:05:49', NULL, '2016-11-22 13:05:49', '13', 'Usluge pripreme za tisak i objavljivanje', '18', 'C', 'Prerađivačka industrija'),
    (124, NULL, '2016-11-22 13:05:49', NULL, '2016-11-22 13:05:49', '14', 'Knjigoveške i srodne usluge', '18', 'C', 'Prerađivačka industrija'),
    (125, NULL, '2016-11-22 13:05:49', NULL, '2016-11-22 13:05:49', '20', 'Umnožavanje snimljenih zapisa', '18', 'C', 'Prerađivačka industrija'),
    (126, NULL, '2016-11-22 13:05:49', NULL, '2016-11-22 13:05:49', '10', 'Proizvodnja proizvoda koksnih peći', '19', 'C', 'Prerađivačka industrija'),
    (127, NULL, '2016-11-22 13:05:49', NULL, '2016-11-22 13:05:49', '20', 'Proizvodnja rafiniranih naftnih proizvoda', '19', 'C', 'Prerađivačka industrija'),
    (128, NULL, '2016-11-22 13:05:49', NULL, '2016-11-22 13:05:49', '11', 'Proizvodnja industrijskih plinova', '20', 'C', 'Prerađivačka industrija'),
    (129, NULL, '2016-11-22 13:05:49', NULL, '2016-11-22 13:05:49', '12', 'Proizvodnja koloranata i pigmenata', '20', 'C', 'Prerađivačka industrija'),
    (130, NULL, '2016-11-22 13:05:49', NULL, '2016-11-22 13:05:49', '13', 'Proizvodnja ostalih anorganskih osnovnih kemikalija', '20', 'C', 'Prerađivačka industrija'),
    (131, NULL, '2016-11-22 13:05:49', NULL, '2016-11-22 13:05:49', '14', 'Proizvodnja ostalih organskih osnovnih kemikalija', '20', 'C', 'Prerađivačka industrija'),
    (132, NULL, '2016-11-22 13:05:49', NULL, '2016-11-22 13:05:49', '15', 'Proizvodnja gnojiva i dušičnih spojeva', '20', 'C', 'Prerađivačka industrija'),
    (133, NULL, '2016-11-22 13:05:49', NULL, '2016-11-22 13:05:49', '16', 'Proizvodnja plastike u primarnim oblicima', '20', 'C', 'Prerađivačka industrija'),
    (134, NULL, '2016-11-22 13:05:49', NULL, '2016-11-22 13:05:49', '17', 'Proizvodnja sintetičkoga kaučuka u primarnim oblicima', '20', 'C', 'Prerađivačka industrija'),
    (135, NULL, '2016-11-22 13:05:49', NULL, '2016-11-22 13:05:49', '20', 'Proizvodnja pesticida i drugih agrokemijskih proizvoda', '20', 'C', 'Prerađivačka industrija'),
    (136, NULL, '2016-11-22 13:05:49', NULL, '2016-11-22 13:05:49', '30', 'Proizvodnja boja, lakova i sličnih premaza, grafičkih boja i kitova', '20', 'C', 'Prerađivačka industrija'),
    (137, NULL, '2016-11-22 13:05:49', NULL, '2016-11-22 13:05:49', '41', 'Proizvodnja sapuna i deterdženata, sredstava za čišćenje i poliranje', '20', 'C', 'Prerađivačka industrija'),
    (138, NULL, '2016-11-22 13:05:49', NULL, '2016-11-22 13:05:49', '42', 'Proizvodnja parfema i toaletno-kozmetičkih preparata', '20', 'C', 'Prerađivačka industrija'),
    (139, NULL, '2016-11-22 13:05:49', NULL, '2016-11-22 13:05:49', '51', 'Proizvodnja eksploziva', '20', 'C', 'Prerađivačka industrija'),
    (140, NULL, '2016-11-22 13:05:49', NULL, '2016-11-22 13:05:49', '52', 'Proizvodnja ljepila', '20', 'C', 'Prerađivačka industrija'),
    (141, NULL, '2016-11-22 13:05:49', NULL, '2016-11-22 13:05:49', '53', 'Proizvodnja eteričnih ulja', '20', 'C', 'Prerađivačka industrija'),
    (142, NULL, '2016-11-22 13:05:49', NULL, '2016-11-22 13:05:49', '59', 'Proizvodnja ostalih kemijskih proizvoda, dn', '20', 'C', 'Prerađivačka industrija'),
    (143, NULL, '2016-11-22 13:05:49', NULL, '2016-11-22 13:05:49', '60', 'Proizvodnja umjetnih vlakana', '20', 'C', 'Prerađivačka industrija'),
    (144, NULL, '2016-11-22 13:05:49', NULL, '2016-11-22 13:05:49', '10', 'Proizvodnja osnovnih farmaceutskih proizvoda', '21', 'C', 'Prerađivačka industrija'),
    (145, NULL, '2016-11-22 13:05:49', NULL, '2016-11-22 13:05:49', '20', 'Proizvodnja farmaceutskih pripravaka', '21', 'C', 'Prerađivačka industrija'),
    (146, NULL, '2016-11-22 13:05:49', NULL, '2016-11-22 13:05:49', '11', 'Proizvodnja vanjskih i unutrašnjih guma za vozila; protektiranje vanjskih guma', '22', 'C', 'Prerađivačka industrija'),
    (147, NULL, '2016-11-22 13:05:49', NULL, '2016-11-22 13:05:49', '19', 'Proizvodnja ostalih proizvoda od gume', '22', 'C', 'Prerađivačka industrija'),
    (148, NULL, '2016-11-22 13:05:49', NULL, '2016-11-22 13:05:49', '21', 'Proizvodnja ploča, listova, cijevi i profila od plastike', '22', 'C', 'Prerađivačka industrija'),
    (149, NULL, '2016-11-22 13:05:49', NULL, '2016-11-22 13:05:49', '22', 'Proizvodnja ambalaže od plastike', '22', 'C', 'Prerađivačka industrija'),
    (150, NULL, '2016-11-22 13:05:49', NULL, '2016-11-22 13:05:49', '23', 'Proizvodnja proizvoda od plastike za građevinarstvo', '22', 'C', 'Prerađivačka industrija'),
    (151, NULL, '2016-11-22 13:05:49', NULL, '2016-11-22 13:05:49', '29', 'Proizvodnja ostalih proizvoda od plastike', '22', 'C', 'Prerađivačka industrija'),
    (152, NULL, '2016-11-22 13:05:49', NULL, '2016-11-22 13:05:49', '11', 'Proizvodnja ravnog stakla', '23', 'C', 'Prerađivačka industrija'),
    (153, NULL, '2016-11-22 13:05:49', NULL, '2016-11-22 13:05:49', '12', 'Oblikovanje i obrada ravnog stakla', '23', 'C', 'Prerađivačka industrija'),
    (154, NULL, '2016-11-22 13:05:49', NULL, '2016-11-22 13:05:49', '13', 'Proizvodnja šupljeg stakla', '23', 'C', 'Prerađivačka industrija'),
    (155, NULL, '2016-11-22 13:05:49', NULL, '2016-11-22 13:05:49', '14', 'Proizvodnja staklenih vlakana', '23', 'C', 'Prerađivačka industrija'),
    (156, NULL, '2016-11-22 13:05:49', NULL, '2016-11-22 13:05:49', '19', 'Proizvodnja i obrada ostalog stakla uključujući tehničku robu od stakla', '23', 'C', 'Prerađivačka industrija'),
    (157, NULL, '2016-11-22 13:05:49', NULL, '2016-11-22 13:05:49', '20', 'Proizvodnja vatrostalnih proizvoda', '23', 'C', 'Prerađivačka industrija'),
    (158, NULL, '2016-11-22 13:05:49', NULL, '2016-11-22 13:05:49', '31', 'Proizvodnja keramičkih pločica i ploča', '23', 'C', 'Prerađivačka industrija'),
    (159, NULL, '2016-11-22 13:05:49', NULL, '2016-11-22 13:05:49', '32', 'Proizvodnja opeke, crijepa i ostalih proizvoda od pečene gline za građevinarstvo', '23', 'C', 'Prerađivačka industrija'),
    (160, NULL, '2016-11-22 13:05:49', NULL, '2016-11-22 13:05:49', '41', 'Proizvodnja keramičkih proizvoda za kućanstvo i ukrasnih predmeta', '23', 'C', 'Prerađivačka industrija'),
    (161, NULL, '2016-11-22 13:05:49', NULL, '2016-11-22 13:05:49', '42', 'Proizvodnja sanitarne keramike', '23', 'C', 'Prerađivačka industrija'),
    (162, NULL, '2016-11-22 13:05:49', NULL, '2016-11-22 13:05:49', '43', 'Proizvodnja keramičkih izolatora i izolacijskog pribora', '23', 'C', 'Prerađivačka industrija'),
    (163, NULL, '2016-11-22 13:05:49', NULL, '2016-11-22 13:05:49', '44', 'Proizvodnja ostalih tehničkih proizvoda od keramike', '23', 'C', 'Prerađivačka industrija'),
    (164, NULL, '2016-11-22 13:05:49', NULL, '2016-11-22 13:05:49', '49', 'Proizvodnja ostalih proizvoda od keramike', '23', 'C', 'Prerađivačka industrija'),
    (165, NULL, '2016-11-22 13:05:49', NULL, '2016-11-22 13:05:49', '51', 'Proizvodnja cementa', '23', 'C', 'Prerađivačka industrija'),
    (166, NULL, '2016-11-22 13:05:49', NULL, '2016-11-22 13:05:49', '52', 'Proizvodnja vapna i gipsa', '23', 'C', 'Prerađivačka industrija'),
    (167, NULL, '2016-11-22 13:05:49', NULL, '2016-11-22 13:05:49', '61', 'Proizvodnja proizvoda od betona za građevinarstvo', '23', 'C', 'Prerađivačka industrija'),
    (168, NULL, '2016-11-22 13:05:49', NULL, '2016-11-22 13:05:49', '62', 'Proizvodnja proizvoda od gipsa za građevinarstvo', '23', 'C', 'Prerađivačka industrija'),
    (169, NULL, '2016-11-22 13:05:49', NULL, '2016-11-22 13:05:49', '63', 'Proizvodnja gotove betonske smjese', '23', 'C', 'Prerađivačka industrija'),
    (170, NULL, '2016-11-22 13:05:49', NULL, '2016-11-22 13:05:49', '64', 'Proizvodnja žbuke', '23', 'C', 'Prerađivačka industrija'),
    (171, NULL, '2016-11-22 13:05:49', NULL, '2016-11-22 13:05:49', '65', 'Proizvodnja fibrocementa', '23', 'C', 'Prerađivačka industrija'),
    (172, NULL, '2016-11-22 13:05:49', NULL, '2016-11-22 13:05:49', '69', 'Proizvodnja ostalih proizvoda od betona, cementa i gipsa', '23', 'C', 'Prerađivačka industrija'),
    (173, NULL, '2016-11-22 13:05:49', NULL, '2016-11-22 13:05:49', '70', 'Rezanje, oblikovanje i obrada kamena', '23', 'C', 'Prerađivačka industrija'),
    (174, NULL, '2016-11-22 13:05:49', NULL, '2016-11-22 13:05:49', '91', 'Proizvodnja brusnih proizvoda', '23', 'C', 'Prerađivačka industrija'),
    (175, NULL, '2016-11-22 13:05:49', NULL, '2016-11-22 13:05:49', '99', 'Proizvodnja ostalih nemetalnih mineralnih proizvoda, dn', '23', 'C', 'Prerađivačka industrija'),
    (176, NULL, '2016-11-22 13:05:49', NULL, '2016-11-22 13:05:49', '10', 'Proizvodnja sirovog željeza, čelika i ferolegura', '24', 'C', 'Prerađivačka industrija'),
    (177, NULL, '2016-11-22 13:05:49', NULL, '2016-11-22 13:05:49', '20', 'Proizvodnja čeličnih cijevi i pribora', '24', 'C', 'Prerađivačka industrija'),
    (178, NULL, '2016-11-22 13:05:49', NULL, '2016-11-22 13:05:49', '31', 'Hladno vučenje šipki', '24', 'C', 'Prerađivačka industrija'),
    (179, NULL, '2016-11-22 13:05:49', NULL, '2016-11-22 13:05:49', '32', 'Hladno valjanje uskih vrpci', '24', 'C', 'Prerađivačka industrija'),
    (180, NULL, '2016-11-22 13:05:49', NULL, '2016-11-22 13:05:49', '33', 'Hladno oblikovanje i profiliranje', '24', 'C', 'Prerađivačka industrija'),
    (181, NULL, '2016-11-22 13:05:49', NULL, '2016-11-22 13:05:49', '34', 'Hladno vučenje žice', '24', 'C', 'Prerađivačka industrija'),
    (182, NULL, '2016-11-22 13:05:49', NULL, '2016-11-22 13:05:49', '41', 'Proizvodnja plemenitih metala', '24', 'C', 'Prerađivačka industrija'),
    (183, NULL, '2016-11-22 13:05:49', NULL, '2016-11-22 13:05:49', '42', 'Proizvodnja aluminija', '24', 'C', 'Prerađivačka industrija'),
    (184, NULL, '2016-11-22 13:05:49', NULL, '2016-11-22 13:05:49', '43', 'Proizvodnja olova, cinka i kositra', '24', 'C', 'Prerađivačka industrija'),
    (185, NULL, '2016-11-22 13:05:49', NULL, '2016-11-22 13:05:49', '44', 'Proizvodnja bakra', '24', 'C', 'Prerađivačka industrija'),
    (186, NULL, '2016-11-22 13:05:49', NULL, '2016-11-22 13:05:49', '45', 'Proizvodnja ostalih obojenih metala', '24', 'C', 'Prerađivačka industrija'),
    (187, NULL, '2016-11-22 13:05:49', NULL, '2016-11-22 13:05:49', '46', 'Obrada nuklearnoga goriva', '24', 'C', 'Prerađivačka industrija'),
    (188, NULL, '2016-11-22 13:05:49', NULL, '2016-11-22 13:05:49', '51', 'Lijevanje željeza', '24', 'C', 'Prerađivačka industrija'),
    (189, NULL, '2016-11-22 13:05:49', NULL, '2016-11-22 13:05:49', '52', 'Lijevanje čelika', '24', 'C', 'Prerađivačka industrija'),
    (190, NULL, '2016-11-22 13:05:49', NULL, '2016-11-22 13:05:49', '53', 'Lijevanje lakih metala', '24', 'C', 'Prerađivačka industrija'),
    (191, NULL, '2016-11-22 13:05:49', NULL, '2016-11-22 13:05:49', '54', 'Lijevanje ostalih obojenih metala', '24', 'C', 'Prerađivačka industrija'),
    (192, NULL, '2016-11-22 13:05:49', NULL, '2016-11-22 13:05:49', '11', 'Proizvodnja metalnih konstrukcija i njihovih dijelova', '25', 'C', 'Prerađivačka industrija'),
    (193, NULL, '2016-11-22 13:05:49', NULL, '2016-11-22 13:05:49', '12', 'Proizvodnja vrata i prozora od metala', '25', 'C', 'Prerađivačka industrija'),
    (194, NULL, '2016-11-22 13:05:49', NULL, '2016-11-22 13:05:49', '21', 'Proizvodnja radijatora i kotlova za centralno grijanje', '25', 'C', 'Prerađivačka industrija'),
    (195, NULL, '2016-11-22 13:05:49', NULL, '2016-11-22 13:05:49', '29', 'Proizvodnja ostalih metalnih cisterni, rezervoara i sličnih posuda', '25', 'C', 'Prerađivačka industrija'),
    (196, NULL, '2016-11-22 13:05:49', NULL, '2016-11-22 13:05:49', '30', 'Proizvodnja parnih kotlova, osim kotlova za centralno grijanje toplom vodom', '25', 'C', 'Prerađivačka industrija'),
    (197, NULL, '2016-11-22 13:05:49', NULL, '2016-11-22 13:05:49', '40', 'Proizvodnja oružja i streljiva', '25', 'C', 'Prerađivačka industrija'),
    (198, NULL, '2016-11-22 13:05:49', NULL, '2016-11-22 13:05:49', '50', 'Kovanje, prešanje, štancanje i valjanje metala; metalurgija praha', '25', 'C', 'Prerađivačka industrija'),
    (199, NULL, '2016-11-22 13:05:49', NULL, '2016-11-22 13:05:49', '61', 'Obrada i prevlačenje metala', '25', 'C', 'Prerađivačka industrija'),
    (200, NULL, '2016-11-22 13:05:49', NULL, '2016-11-22 13:05:49', '62', 'Strojna obrada metala', '25', 'C', 'Prerađivačka industrija'),
    (201, NULL, '2016-11-22 13:05:49', NULL, '2016-11-22 13:05:49', '71', 'Proizvodnja sječiva', '25', 'C', 'Prerađivačka industrija'),
    (202, NULL, '2016-11-22 13:05:49', NULL, '2016-11-22 13:05:49', '72', 'Proizvodnja brava i okova', '25', 'C', 'Prerađivačka industrija'),
    (203, NULL, '2016-11-22 13:05:49', NULL, '2016-11-22 13:05:49', '73', 'Proizvodnja alata', '25', 'C', 'Prerađivačka industrija'),
    (204, NULL, '2016-11-22 13:05:49', NULL, '2016-11-22 13:05:49', '91', 'Proizvodnja čeličnih bačava i sličnih posuda', '25', 'C', 'Prerađivačka industrija'),
    (205, NULL, '2016-11-22 13:05:49', NULL, '2016-11-22 13:05:49', '92', 'Proizvodnja ambalaže od lakih metala', '25', 'C', 'Prerađivačka industrija'),
    (206, NULL, '2016-11-22 13:05:49', NULL, '2016-11-22 13:05:49', '93', 'Proizvodnja proizvoda od žice, lanaca i opruga', '25', 'C', 'Prerađivačka industrija'),
    (207, NULL, '2016-11-22 13:05:49', NULL, '2016-11-22 13:05:49', '94', 'Proizvodnja zakovica i vijčane robe', '25', 'C', 'Prerađivačka industrija'),
    (208, NULL, '2016-11-22 13:05:49', NULL, '2016-11-22 13:05:49', '99', 'Proizvodnja ostalih gotovih proizvoda od metala, dn', '25', 'C', 'Prerađivačka industrija'),
    (209, NULL, '2016-11-22 13:05:49', NULL, '2016-11-22 13:05:49', '11', 'Proizvodnja elektroničkih komponenata  2612 Proizvodnja punih elektroničkih ploča', '26', 'C', 'Prerađivačka industrija'),
    (210, NULL, '2016-11-22 13:05:49', NULL, '2016-11-22 13:05:49', '20', 'Proizvodnja računala i periferne opreme', '26', 'C', 'Prerađivačka industrija'),
    (211, NULL, '2016-11-22 13:05:49', NULL, '2016-11-22 13:05:49', '30', 'Proizvodnja komunikacijske opreme', '26', 'C', 'Prerađivačka industrija'),
    (212, NULL, '2016-11-22 13:05:49', NULL, '2016-11-22 13:05:49', '40', 'Proizvodnja elektroničkih uređaja za široku potrošnju', '26', 'C', 'Prerađivačka industrija'),
    (213, NULL, '2016-11-22 13:05:49', NULL, '2016-11-22 13:05:49', '51', 'Proizvodnja instrumenata i aparata za mjerenje, ispitivanje i navigaciju', '26', 'C', 'Prerađivačka industrija'),
    (214, NULL, '2016-11-22 13:05:49', NULL, '2016-11-22 13:05:49', '52', 'Proizvodnja satova', '26', 'C', 'Prerađivačka industrija'),
    (215, NULL, '2016-11-22 13:05:49', NULL, '2016-11-22 13:05:49', '60', 'Proizvodnja opreme za zračenje, elektromedicinske i elektroterapeutske opreme', '26', 'C', 'Prerađivačka industrija'),
    (216, NULL, '2016-11-22 13:05:49', NULL, '2016-11-22 13:05:49', '70', 'Proizvodnja optičkih instrumenata i fotografske opreme', '26', 'C', 'Prerađivačka industrija'),
    (217, NULL, '2016-11-22 13:05:49', NULL, '2016-11-22 13:05:49', '80', 'Proizvodnja magnetskih i optičkih medija', '26', 'C', 'Prerađivačka industrija'),
    (218, NULL, '2016-11-22 13:05:49', NULL, '2016-11-22 13:05:49', '11', 'Proizvodnja elektromotora, generatora i transformatora', '27', 'C', 'Prerađivačka industrija'),
    (219, NULL, '2016-11-22 13:05:49', NULL, '2016-11-22 13:05:49', '12', 'Proizvodnja uređaja za distribuciju i kontrolu električne energije', '27', 'C', 'Prerađivačka industrija'),
    (220, NULL, '2016-11-22 13:05:49', NULL, '2016-11-22 13:05:49', '20', 'Proizvodnja baterija i akumulatora', '27', 'C', 'Prerađivačka industrija'),
    (221, NULL, '2016-11-22 13:05:49', NULL, '2016-11-22 13:05:49', '31', 'Proizvodnja kablova od optičkih vlakana', '27', 'C', 'Prerađivačka industrija'),
    (222, NULL, '2016-11-22 13:05:49', NULL, '2016-11-22 13:05:49', '32', 'Proizvodnja ostalih elektroničkih i električnih žica i kablova', '27', 'C', 'Prerađivačka industrija'),
    (223, NULL, '2016-11-22 13:05:49', NULL, '2016-11-22 13:05:49', '33', 'Proizvodnja elektroinstalacijskog materijala 2740 Proizvodnja električne opreme za rasvjetu', '27', 'C', 'Prerađivačka industrija'),
    (224, NULL, '2016-11-22 13:05:49', NULL, '2016-11-22 13:05:49', '51', 'Proizvodnja električnih aparata za kućanstvo', '27', 'C', 'Prerađivačka industrija'),
    (225, NULL, '2016-11-22 13:05:49', NULL, '2016-11-22 13:05:49', '52', 'Proizvodnja neelektričnih aparata za kućanstvo', '27', 'C', 'Prerađivačka industrija'),
    (226, NULL, '2016-11-22 13:05:49', NULL, '2016-11-22 13:05:49', '90', 'Proizvodnja ostale električne opreme', '27', 'C', 'Prerađivačka industrija'),
    (227, NULL, '2016-11-22 13:05:49', NULL, '2016-11-22 13:05:49', '11', 'Proizvodnja motora i turbina, osim motora za zrakoplove i motorna vozila', '28', 'C', 'Prerađivačka industrija'),
    (228, NULL, '2016-11-22 13:05:49', NULL, '2016-11-22 13:05:49', '12', 'Proizvodnja hidrauličnih pogonskih uređaja', '28', 'C', 'Prerađivačka industrija'),
    (229, NULL, '2016-11-22 13:05:49', NULL, '2016-11-22 13:05:49', '13', 'Proizvodnja ostalih crpki i kompresora', '28', 'C', 'Prerađivačka industrija'),
    (230, NULL, '2016-11-22 13:05:49', NULL, '2016-11-22 13:05:49', '14', 'Proizvodnja ostalih slavina i ventila', '28', 'C', 'Prerađivačka industrija'),
    (231, NULL, '2016-11-22 13:05:49', NULL, '2016-11-22 13:05:49', '15', 'Proizvodnja ležajeva, prijenosnika te prijenosnih i pogonskih elemenata', '28', 'C', 'Prerađivačka industrija'),
    (232, NULL, '2016-11-22 13:05:49', NULL, '2016-11-22 13:05:49', '21', 'Proizvodnja peći i plamenika', '28', 'C', 'Prerađivačka industrija'),
    (233, NULL, '2016-11-22 13:05:49', NULL, '2016-11-22 13:05:49', '22', 'Proizvodnja uređaja za dizanje i prenošenje', '28', 'C', 'Prerađivačka industrija'),
    (234, NULL, '2016-11-22 13:05:49', NULL, '2016-11-22 13:05:49', '23', 'Proizvodnja uredskih strojeva i opreme (osim proizvodnje računala i periferne opreme)', '28', 'C', 'Prerađivačka industrija'),
    (235, NULL, '2016-11-22 13:05:49', NULL, '2016-11-22 13:05:49', '24', 'Proizvodnja mehaniziranoga ručnog alata', '28', 'C', 'Prerađivačka industrija'),
    (236, NULL, '2016-11-22 13:05:49', NULL, '2016-11-22 13:05:49', '25', 'Proizvodnja rashladne i ventilacijske opreme, osim za kućanstvo', '28', 'C', 'Prerađivačka industrija'),
    (237, NULL, '2016-11-22 13:05:49', NULL, '2016-11-22 13:05:49', '29', 'Proizvodnja ostalih strojeva za opće namjene, dn 2830 Proizvodnja strojeva za poljoprivredu i šumarstvo', '28', 'C', 'Prerađivačka industrija'),
    (238, NULL, '2016-11-22 13:05:49', NULL, '2016-11-22 13:05:49', '41', 'Proizvodnja strojeva za obradu metala', '28', 'C', 'Prerađivačka industrija'),
    (239, NULL, '2016-11-22 13:05:49', NULL, '2016-11-22 13:05:49', '49', 'Proizvodnja ostalih alatnih strojeva', '28', 'C', 'Prerađivačka industrija'),
    (240, NULL, '2016-11-22 13:05:49', NULL, '2016-11-22 13:05:49', '91', 'Proizvodnja strojeva za metalurgiju', '28', 'C', 'Prerađivačka industrija'),
    (241, NULL, '2016-11-22 13:05:49', NULL, '2016-11-22 13:05:49', '92', 'Proizvodnja strojeva za rudnike, kamenolome i građevinarstvo', '28', 'C', 'Prerađivačka industrija'),
    (242, NULL, '2016-11-22 13:05:49', NULL, '2016-11-22 13:05:49', '93', 'Proizvodnja strojeva za industriju hrane, pića i duhana', '28', 'C', 'Prerađivačka industrija'),
    (243, NULL, '2016-11-22 13:05:49', NULL, '2016-11-22 13:05:49', '94', 'Proizvodnja strojeva za industriju tekstila, odjeće i kože', '28', 'C', 'Prerađivačka industrija'),
    (244, NULL, '2016-11-22 13:05:49', NULL, '2016-11-22 13:05:49', '95', 'Proizvodnja strojeva za industriju papira i kartona', '28', 'C', 'Prerađivačka industrija'),
    (245, NULL, '2016-11-22 13:05:49', NULL, '2016-11-22 13:05:49', '96', 'Proizvodnja strojeva za plastiku i gumu', '28', 'C', 'Prerađivačka industrija'),
    (246, NULL, '2016-11-22 13:05:49', NULL, '2016-11-22 13:05:49', '99', 'Proizvodnja ostalih strojeva za posebne namjene, dn', '28', 'C', 'Prerađivačka industrija'),
    (247, NULL, '2016-11-22 13:05:49', NULL, '2016-11-22 13:05:49', '10', 'Proizvodnja motornih vozila', '29', 'C', 'Prerađivačka industrija'),
    (248, NULL, '2016-11-22 13:05:49', NULL, '2016-11-22 13:05:49', '20', 'Proizvodnja karoserija za motorna vozila, prikolica i poluprikolica', '29', 'C', 'Prerađivačka industrija'),
    (249, NULL, '2016-11-22 13:05:49', NULL, '2016-11-22 13:05:49', '31', 'Proizvodnja električne i elektroničke opreme za motorna vozila', '29', 'C', 'Prerađivačka industrija'),
    (250, NULL, '2016-11-22 13:05:49', NULL, '2016-11-22 13:05:49', '32', 'Proizvodnja ostalih dijelova i pribora za motorna vozila', '29', 'C', 'Prerađivačka industrija'),
    (251, NULL, '2016-11-22 13:05:49', NULL, '2016-11-22 13:05:49', '11', 'Gradnja brodova i plutajućih objekata', '30', 'C', 'Prerađivačka industrija'),
    (252, NULL, '2016-11-22 13:05:49', NULL, '2016-11-22 13:05:49', '12', 'Gradnja čamaca za razonodu i sportskih čamaca', '30', 'C', 'Prerađivačka industrija'),
    (253, NULL, '2016-11-22 13:05:49', NULL, '2016-11-22 13:05:49', '20', 'Proizvodnja željezničkih lokomotiva i tračničkih vozila', '30', 'C', 'Prerađivačka industrija'),
    (254, NULL, '2016-11-22 13:05:49', NULL, '2016-11-22 13:05:49', '30', 'Proizvodnja zrakoplova i svemirskih letjelica te srodnih prijevoznih sredstava i opreme', '30', 'C', 'Prerađivačka industrija'),
    (255, NULL, '2016-11-22 13:05:49', NULL, '2016-11-22 13:05:49', '40', 'Proizvodnja vojnih borbenih vozila', '30', 'C', 'Prerađivačka industrija'),
    (256, NULL, '2016-11-22 13:05:49', NULL, '2016-11-22 13:05:49', '91', 'Proizvodnja motocikala', '30', 'C', 'Prerađivačka industrija'),
    (257, NULL, '2016-11-22 13:05:49', NULL, '2016-11-22 13:05:49', '92', 'Proizvodnja bicikala i invalidskih kolica', '30', 'C', 'Prerađivačka industrija'),
    (258, NULL, '2016-11-22 13:05:49', NULL, '2016-11-22 13:05:49', '99', 'Proizvodnja ostalih prijevoznih sredstava, dn', '30', 'C', 'Prerađivačka industrija'),
    (259, NULL, '2016-11-22 13:05:49', NULL, '2016-11-22 13:05:49', '01', 'Proizvodnja namještaja za poslovne i prodajne prostore', '31', 'C', 'Prerađivačka industrija'),
    (260, NULL, '2016-11-22 13:05:49', NULL, '2016-11-22 13:05:49', '02', 'Proizvodnja kuhinjskog namještaja', '31', 'C', 'Prerađivačka industrija'),
    (261, NULL, '2016-11-22 13:05:49', NULL, '2016-11-22 13:05:49', '03', 'Proizvodnja madraca', '31', 'C', 'Prerađivačka industrija'),
    (262, NULL, '2016-11-22 13:05:49', NULL, '2016-11-22 13:05:49', '09', 'Proizvodnja ostalog namještaja', '31', 'C', 'Prerađivačka industrija'),
    (263, NULL, '2016-11-22 13:05:49', NULL, '2016-11-22 13:05:49', '11', 'Proizvodnja novca', '32', 'C', 'Prerađivačka industrija'),
    (264, NULL, '2016-11-22 13:05:49', NULL, '2016-11-22 13:05:49', '12', 'Proizvodnja nakita i srodnih proizvoda', '32', 'C', 'Prerađivačka industrija'),
    (265, NULL, '2016-11-22 13:05:49', NULL, '2016-11-22 13:05:49', '13', 'Proizvodnja imitacije nakita (bižuterije) i srodnih proizvoda', '32', 'C', 'Prerađivačka industrija'),
    (266, NULL, '2016-11-22 13:05:49', NULL, '2016-11-22 13:05:49', '20', 'Proizvodnja glazbenih instrumenata', '32', 'C', 'Prerađivačka industrija'),
    (267, NULL, '2016-11-22 13:05:49', NULL, '2016-11-22 13:05:49', '30', 'Proizvodnja sportske opreme', '32', 'C', 'Prerađivačka industrija'),
    (268, NULL, '2016-11-22 13:05:49', NULL, '2016-11-22 13:05:49', '40', 'Proizvodnja igara i igračaka', '32', 'C', 'Prerađivačka industrija'),
    (269, NULL, '2016-11-22 13:05:49', NULL, '2016-11-22 13:05:49', '50', 'Proizvodnja medicinskih i stomatoloških instrumenata i pribora', '32', 'C', 'Prerađivačka industrija'),
    (270, NULL, '2016-11-22 13:05:49', NULL, '2016-11-22 13:05:49', '91', 'Proizvodnja metla i četaka', '32', 'C', 'Prerađivačka industrija'),
    (271, NULL, '2016-11-22 13:05:49', NULL, '2016-11-22 13:05:49', '99', 'Ostala prerađivačka industrija, dn', '32', 'C', 'Prerađivačka industrija'),
    (272, NULL, '2016-11-22 13:05:50', NULL, '2016-11-22 13:05:50', '11', 'Popravak proizvoda od metala', '33', 'C', 'Prerađivačka industrija'),
    (273, NULL, '2016-11-22 13:05:50', NULL, '2016-11-22 13:05:50', '12', 'Popravak strojeva', '33', 'C', 'Prerađivačka industrija'),
    (274, NULL, '2016-11-22 13:05:50', NULL, '2016-11-22 13:05:50', '13', 'Popravak elektroničke i optičke opreme', '33', 'C', 'Prerađivačka industrija'),
    (275, NULL, '2016-11-22 13:05:50', NULL, '2016-11-22 13:05:50', '14', 'Popravak električne opreme', '33', 'C', 'Prerađivačka industrija'),
    (276, NULL, '2016-11-22 13:05:50', NULL, '2016-11-22 13:05:50', '15', 'Popravak i održavanje brodova i čamaca', '33', 'C', 'Prerađivačka industrija'),
    (277, NULL, '2016-11-22 13:05:50', NULL, '2016-11-22 13:05:50', '16', 'Popravak i održavanje zrakoplova i svemirskih letjelica', '33', 'C', 'Prerađivačka industrija'),
    (278, NULL, '2016-11-22 13:05:50', NULL, '2016-11-22 13:05:50', '17', 'Popravak i održavanje ostalih prijevoznih sredstava', '33', 'C', 'Prerađivačka industrija'),
    (279, NULL, '2016-11-22 13:05:50', NULL, '2016-11-22 13:05:50', '19', 'Popravak ostale opreme', '33', 'C', 'Prerađivačka industrija'),
    (280, NULL, '2016-11-22 13:05:50', NULL, '2016-11-22 13:05:50', '20', 'Instaliranje industrijskih strojeva i opreme', '33', 'C', 'Prerađivačka industrija'),
    (281, NULL, '2016-11-22 13:05:50', NULL, '2016-11-22 13:05:50', '11', 'Proizvodnja električne energije', '35', 'D', 'Opskrba električnom energijom, plinom, parom i klimatizacija'),
    (282, NULL, '2016-11-22 13:05:50', NULL, '2016-11-22 13:05:50', '12', 'Prijenos električne energije', '35', 'D', 'Opskrba električnom energijom, plinom, parom i klimatizacija'),
    (283, NULL, '2016-11-22 13:05:50', NULL, '2016-11-22 13:05:50', '13', 'Distribucija električne energije', '35', 'D', 'Opskrba električnom energijom, plinom, parom i klimatizacija'),
    (284, NULL, '2016-11-22 13:05:50', NULL, '2016-11-22 13:05:50', '14', 'Trgovina električnom energijom', '35', 'D', 'Opskrba električnom energijom, plinom, parom i klimatizacija'),
    (285, NULL, '2016-11-22 13:05:50', NULL, '2016-11-22 13:05:50', '21', 'Proizvodnja plina', '35', 'D', 'Opskrba električnom energijom, plinom, parom i klimatizacija'),
    (286, NULL, '2016-11-22 13:05:50', NULL, '2016-11-22 13:05:50', '22', 'Distribucija plinovitih goriva distribucijskom mrežom', '35', 'D', 'Opskrba električnom energijom, plinom, parom i klimatizacija'),
    (287, NULL, '2016-11-22 13:05:50', NULL, '2016-11-22 13:05:50', '23', 'Trgovina plinom distribucijskom mrežom', '35', 'D', 'Opskrba električnom energijom, plinom, parom i klimatizacija'),
    (288, NULL, '2016-11-22 13:05:50', NULL, '2016-11-22 13:05:50', '30', 'Opskrba parom i klimatizacija', '35', 'D', 'Opskrba električnom energijom, plinom, parom i klimatizacija'),
    (289, NULL, '2016-11-22 13:05:50', NULL, '2016-11-22 13:05:50', '00', 'Skupljanje, pročišćavanje i opskrba vodom', '36', 'E', 'Opskrba vodom; uklanjanje otpadnih voda, gospodarenje otpadom te djelatnosti sanacije okoliša'),
    (290, NULL, '2016-11-22 13:05:50', NULL, '2016-11-22 13:05:50', '00', 'Uklanjanje otpadnih voda', '37', 'E', 'Opskrba vodom; uklanjanje otpadnih voda, gospodarenje otpadom te djelatnosti sanacije okoliša'),
    (291, NULL, '2016-11-22 13:05:50', NULL, '2016-11-22 13:05:50', '11', 'Skupljanje neopasnog otpada', '38', 'E', 'Opskrba vodom; uklanjanje otpadnih voda, gospodarenje otpadom te djelatnosti sanacije okoliša'),
    (292, NULL, '2016-11-22 13:05:50', NULL, '2016-11-22 13:05:50', '12', 'Skupljanje opasnog otpada', '38', 'E', 'Opskrba vodom; uklanjanje otpadnih voda, gospodarenje otpadom te djelatnosti sanacije okoliša'),
    (293, NULL, '2016-11-22 13:05:50', NULL, '2016-11-22 13:05:50', '21', 'Obrada i zbrinjavanje neopasnog otpada', '38', 'E', 'Opskrba vodom; uklanjanje otpadnih voda, gospodarenje otpadom te djelatnosti sanacije okoliša'),
    (294, NULL, '2016-11-22 13:05:50', NULL, '2016-11-22 13:05:50', '22', 'Obrada i zbrinjavanje opasnog otpada', '38', 'E', 'Opskrba vodom; uklanjanje otpadnih voda, gospodarenje otpadom te djelatnosti sanacije okoliša'),
    (295, NULL, '2016-11-22 13:05:50', NULL, '2016-11-22 13:05:50', '31', 'Rastavljanje olupina', '38', 'E', 'Opskrba vodom; uklanjanje otpadnih voda, gospodarenje otpadom te djelatnosti sanacije okoliša'),
    (296, NULL, '2016-11-22 13:05:50', NULL, '2016-11-22 13:05:50', '32', 'Oporaba posebno izdvojenih materijala', '38', 'E', 'Opskrba vodom; uklanjanje otpadnih voda, gospodarenje otpadom te djelatnosti sanacije okoliša'),
    (297, NULL, '2016-11-22 13:05:50', NULL, '2016-11-22 13:05:50', '00', 'Djelatnosti sanacije okoliša te ostale djelatnosti gospodarenja otpadom', '39', 'E', 'Opskrba vodom; uklanjanje otpadnih voda, gospodarenje otpadom te djelatnosti sanacije okoliša'),
    (298, NULL, '2016-11-22 13:05:50', NULL, '2016-11-22 13:05:50', '10', 'Organizacija izvedbe projekata za zgrade 4120 Gradnja stambenih i nestambenih zgrada', '41', 'F', 'Građevinarstvo'),
    (299, NULL, '2016-11-22 13:05:50', NULL, '2016-11-22 13:05:50', '11', 'Gradnja cesta i autocesta', '42', 'F', 'Građevinarstvo'),
    (300, NULL, '2016-11-22 13:05:50', NULL, '2016-11-22 13:05:50', '12', 'Gradnja željezničkih pruga i podzemnih željeznica', '42', 'F', 'Građevinarstvo'),
    (301, NULL, '2016-11-22 13:05:50', NULL, '2016-11-22 13:05:50', '13', 'Gradnja mostova i tunela', '42', 'F', 'Građevinarstvo'),
    (302, NULL, '2016-11-22 13:05:50', NULL, '2016-11-22 13:05:50', '21', 'Gradnja cjevovoda za tekućine i plinove', '42', 'F', 'Građevinarstvo'),
    (303, NULL, '2016-11-22 13:05:50', NULL, '2016-11-22 13:05:50', '22', 'Gradnja vodova za električnu struju i telekomunikacije', '42', 'F', 'Građevinarstvo'),
    (304, NULL, '2016-11-22 13:05:50', NULL, '2016-11-22 13:05:50', '91', 'Gradnja vodnih građevina', '42', 'F', 'Građevinarstvo'),
    (305, NULL, '2016-11-22 13:05:50', NULL, '2016-11-22 13:05:50', '99', 'Gradnja ostalih građevina niskogradnje, dn', '42', 'F', 'Građevinarstvo'),
    (306, NULL, '2016-11-22 13:05:50', NULL, '2016-11-22 13:05:50', '11', 'Uklanjanje građevina', '43', 'F', 'Građevinarstvo'),
    (307, NULL, '2016-11-22 13:05:50', NULL, '2016-11-22 13:05:50', '12', 'Pripremni radovi na gradilištu', '43', 'F', 'Građevinarstvo'),
    (308, NULL, '2016-11-22 13:05:50', NULL, '2016-11-22 13:05:50', '13', 'Pokusno bušenje i sondiranje terena za gradnju', '43', 'F', 'Građevinarstvo'),
    (309, NULL, '2016-11-22 13:05:50', NULL, '2016-11-22 13:05:50', '21', 'Elektroinstalacijski radovi', '43', 'F', 'Građevinarstvo'),
    (310, NULL, '2016-11-22 13:05:50', NULL, '2016-11-22 13:05:50', '22', 'Uvođenje instalacija vodovoda, kanalizacije i plina i instalacija za grijanje i klimatizaciju', '43', 'F', 'Građevinarstvo'),
    (311, NULL, '2016-11-22 13:05:50', NULL, '2016-11-22 13:05:50', '29', 'Ostali građevinski instalacijski radovi', '43', 'F', 'Građevinarstvo'),
    (312, NULL, '2016-11-22 13:05:50', NULL, '2016-11-22 13:05:50', '31', 'Fasadni i štukaturski radovi', '43', 'F', 'Građevinarstvo'),
    (313, NULL, '2016-11-22 13:05:50', NULL, '2016-11-22 13:05:50', '32', 'Ugradnja stolarije', '43', 'F', 'Građevinarstvo'),
    (314, NULL, '2016-11-22 13:05:50', NULL, '2016-11-22 13:05:50', '33', 'Postavljanje podnih i zidnih obloga', '43', 'F', 'Građevinarstvo'),
    (315, NULL, '2016-11-22 13:05:50', NULL, '2016-11-22 13:05:50', '34', 'Soboslikarski i staklarski radovi', '43', 'F', 'Građevinarstvo'),
    (316, NULL, '2016-11-22 13:05:50', NULL, '2016-11-22 13:05:50', '39', 'Ostali završni građevinski radovi', '43', 'F', 'Građevinarstvo'),
    (317, NULL, '2016-11-22 13:05:50', NULL, '2016-11-22 13:05:50', '91', 'Radovi na krovištu', '43', 'F', 'Građevinarstvo'),
    (318, NULL, '2016-11-22 13:05:50', NULL, '2016-11-22 13:05:50', '99', 'Ostale specijalizirane građevinske djelatnosti, dn', '43', 'F', 'Građevinarstvo'),
    (319, NULL, '2016-11-22 13:05:50', NULL, '2016-11-22 13:05:50', '11', 'Trgovina automobilima i motornim vozilima lake kategorije', '45', 'G', 'Trgovina na veliko i na malo; popravak motornih vozila i motocikala'),
    (320, NULL, '2016-11-22 13:05:50', NULL, '2016-11-22 13:05:50', '19', 'Trgovina ostalim motornim vozilima', '45', 'G', 'Trgovina na veliko i na malo; popravak motornih vozila i motocikala'),
    (321, NULL, '2016-11-22 13:05:50', NULL, '2016-11-22 13:05:50', '20', 'Održavanje i popravak motornih vozila', '45', 'G', 'Trgovina na veliko i na malo; popravak motornih vozila i motocikala'),
    (322, NULL, '2016-11-22 13:05:50', NULL, '2016-11-22 13:05:50', '31', 'Trgovina na veliko dijelovima i priborom za motorna vozila', '45', 'G', 'Trgovina na veliko i na malo; popravak motornih vozila i motocikala'),
    (323, NULL, '2016-11-22 13:05:50', NULL, '2016-11-22 13:05:50', '32', 'Trgovina na malo dijelovima i priborom za motorna vozila', '45', 'G', 'Trgovina na veliko i na malo; popravak motornih vozila i motocikala'),
    (324, NULL, '2016-11-22 13:05:50', NULL, '2016-11-22 13:05:50', '40', 'Trgovina motociklima, dijelovima i priborom za motocikle te održavanje i popravak motocikala', '45', 'G', 'Trgovina na veliko i na malo; popravak motornih vozila i motocikala'),
    (325, NULL, '2016-11-22 13:05:50', NULL, '2016-11-22 13:05:50', '11', 'Posredovanje u trgovini poljoprivrednim sirovinama, živom stokom, tekstilnim sirovinama i poluproizvodima', '46', 'G', 'Trgovina na veliko i na malo; popravak motornih vozila i motocikala'),
    (326, NULL, '2016-11-22 13:05:50', NULL, '2016-11-22 13:05:50', '12', 'Posredovanje u trgovini gorivima, rudama, metalima i industrijskim kemijskim proizvodima', '46', 'G', 'Trgovina na veliko i na malo; popravak motornih vozila i motocikala'),
    (327, NULL, '2016-11-22 13:05:50', NULL, '2016-11-22 13:05:50', '13', 'Posredovanje u trgovini drvom i građevinskim materijalom', '46', 'G', 'Trgovina na veliko i na malo; popravak motornih vozila i motocikala'),
    (328, NULL, '2016-11-22 13:05:50', NULL, '2016-11-22 13:05:50', '14', 'Posredovanje u trgovini strojevima, industrijskom opremom, brodovima i zrakoplovima', '46', 'G', 'Trgovina na veliko i na malo; popravak motornih vozila i motocikala'),
    (329, NULL, '2016-11-22 13:05:50', NULL, '2016-11-22 13:05:50', '15', 'Posredovanje u trgovini namještajem, proizvodima za kućanstvo i željeznom robom', '46', 'G', 'Trgovina na veliko i na malo; popravak motornih vozila i motocikala'),
    (330, NULL, '2016-11-22 13:05:50', NULL, '2016-11-22 13:05:50', '16', 'Posredovanje u trgovini tekstilom, odjećom, krznom, obućom i kožnim proizvodima', '46', 'G', 'Trgovina na veliko i na malo; popravak motornih vozila i motocikala'),
    (331, NULL, '2016-11-22 13:05:50', NULL, '2016-11-22 13:05:50', '17', 'Posredovanje u trgovini hranom, pićima i duhanom', '46', 'G', 'Trgovina na veliko i na malo; popravak motornih vozila i motocikala'),
    (332, NULL, '2016-11-22 13:05:50', NULL, '2016-11-22 13:05:50', '18', 'Posredovanje u trgovini specijaliziranoj za određene proizvode', '46', 'G', 'Trgovina na veliko i na malo; popravak motornih vozila i motocikala'),
    (333, NULL, '2016-11-22 13:05:50', NULL, '2016-11-22 13:05:50', '19', 'Posredovanje u trgovini raznovrsnim proizvodima', '46', 'G', 'Trgovina na veliko i na malo; popravak motornih vozila i motocikala'),
    (334, NULL, '2016-11-22 13:05:50', NULL, '2016-11-22 13:05:50', '21', 'Trgovina na veliko žitaricama, sirovim duhanom, sjemenjem i stočnom hranom', '46', 'G', 'Trgovina na veliko i na malo; popravak motornih vozila i motocikala'),
    (335, NULL, '2016-11-22 13:05:50', NULL, '2016-11-22 13:05:50', '22', 'Trgovina na veliko cvijećem i sadnicama', '46', 'G', 'Trgovina na veliko i na malo; popravak motornih vozila i motocikala'),
    (336, NULL, '2016-11-22 13:05:50', NULL, '2016-11-22 13:05:50', '23', 'Trgovina na veliko živom stokom', '46', 'G', 'Trgovina na veliko i na malo; popravak motornih vozila i motocikala'),
    (337, NULL, '2016-11-22 13:05:50', NULL, '2016-11-22 13:05:50', '24', 'Trgovina na veliko sirovim i štavljenim kožama', '46', 'G', 'Trgovina na veliko i na malo; popravak motornih vozila i motocikala'),
    (338, NULL, '2016-11-22 13:05:50', NULL, '2016-11-22 13:05:50', '31', 'Trgovina na veliko voćem i povrćem', '46', 'G', 'Trgovina na veliko i na malo; popravak motornih vozila i motocikala'),
    (339, NULL, '2016-11-22 13:05:50', NULL, '2016-11-22 13:05:50', '32', 'Trgovina na veliko mesom i mesnim proizvodima', '46', 'G', 'Trgovina na veliko i na malo; popravak motornih vozila i motocikala'),
    (340, NULL, '2016-11-22 13:05:50', NULL, '2016-11-22 13:05:50', '33', 'Trgovina na veliko mlijekom, mliječnim proizvodima, jajima, jestivim uljima i mastima', '46', 'G', 'Trgovina na veliko i na malo; popravak motornih vozila i motocikala'),
    (341, NULL, '2016-11-22 13:05:50', NULL, '2016-11-22 13:05:50', '34', 'Trgovina na veliko pićima', '46', 'G', 'Trgovina na veliko i na malo; popravak motornih vozila i motocikala'),
    (342, NULL, '2016-11-22 13:05:50', NULL, '2016-11-22 13:05:50', '35', 'Trgovina na veliko duhanskim proizvodima', '46', 'G', 'Trgovina na veliko i na malo; popravak motornih vozila i motocikala'),
    (343, NULL, '2016-11-22 13:05:50', NULL, '2016-11-22 13:05:50', '36', 'Trgovina na veliko šećerom, čokoladom i bombonima', '46', 'G', 'Trgovina na veliko i na malo; popravak motornih vozila i motocikala'),
    (344, NULL, '2016-11-22 13:05:50', NULL, '2016-11-22 13:05:50', '37', 'Trgovina na veliko kavom, čajem, kakaom i začinima', '46', 'G', 'Trgovina na veliko i na malo; popravak motornih vozila i motocikala'),
    (345, NULL, '2016-11-22 13:05:50', NULL, '2016-11-22 13:05:50', '38', 'Trgovina na veliko ostalom hranom uključujući ribe, rakove i školjke', '46', 'G', 'Trgovina na veliko i na malo; popravak motornih vozila i motocikala'),
    (346, NULL, '2016-11-22 13:05:50', NULL, '2016-11-22 13:05:50', '39', 'Nespecijalizirana trgovina na veliko hranom, pićima i duhanskim proizvodima', '46', 'G', 'Trgovina na veliko i na malo; popravak motornih vozila i motocikala'),
    (347, NULL, '2016-11-22 13:05:50', NULL, '2016-11-22 13:05:50', '41', 'Trgovina na veliko tekstilom', '46', 'G', 'Trgovina na veliko i na malo; popravak motornih vozila i motocikala'),
    (348, NULL, '2016-11-22 13:05:50', NULL, '2016-11-22 13:05:50', '42', 'Trgovina na veliko odjećom i obućom', '46', 'G', 'Trgovina na veliko i na malo; popravak motornih vozila i motocikala'),
    (349, NULL, '2016-11-22 13:05:50', NULL, '2016-11-22 13:05:50', '43', 'Trgovina na veliko električnim aparatima za kućanstvo', '46', 'G', 'Trgovina na veliko i na malo; popravak motornih vozila i motocikala'),
    (350, NULL, '2016-11-22 13:05:50', NULL, '2016-11-22 13:05:50', '44', 'Trgovina na veliko porculanom, staklom i sredstvima za čišćenje', '46', 'G', 'Trgovina na veliko i na malo; popravak motornih vozila i motocikala'),
    (351, NULL, '2016-11-22 13:05:50', NULL, '2016-11-22 13:05:50', '45', 'Trgovina na veliko parfemima i kozmetikom', '46', 'G', 'Trgovina na veliko i na malo; popravak motornih vozila i motocikala'),
    (352, NULL, '2016-11-22 13:05:50', NULL, '2016-11-22 13:05:50', '46', 'Trgovina na veliko farmaceutskim proizvodima', '46', 'G', 'Trgovina na veliko i na malo; popravak motornih vozila i motocikala'),
    (353, NULL, '2016-11-22 13:05:50', NULL, '2016-11-22 13:05:50', '47', 'Trgovina na veliko namještajem, sagovima i opremom za rasvjetu', '46', 'G', 'Trgovina na veliko i na malo; popravak motornih vozila i motocikala'),
    (354, NULL, '2016-11-22 13:05:50', NULL, '2016-11-22 13:05:50', '48', 'Trgovina na veliko satovima i nakitom', '46', 'G', 'Trgovina na veliko i na malo; popravak motornih vozila i motocikala'),
    (355, NULL, '2016-11-22 13:05:50', NULL, '2016-11-22 13:05:50', '49', 'Trgovina na veliko ostalim proizvodima za kućanstvo', '46', 'G', 'Trgovina na veliko i na malo; popravak motornih vozila i motocikala'),
    (356, NULL, '2016-11-22 13:05:50', NULL, '2016-11-22 13:05:50', '51', 'Trgovina na veliko računalima, perifernom opremom i softverom', '46', 'G', 'Trgovina na veliko i na malo; popravak motornih vozila i motocikala'),
    (357, NULL, '2016-11-22 13:05:50', NULL, '2016-11-22 13:05:50', '52', 'Trgovina na veliko elektroničkim i telekomunikacijskim dijelovima i opremom', '46', 'G', 'Trgovina na veliko i na malo; popravak motornih vozila i motocikala'),
    (358, NULL, '2016-11-22 13:05:50', NULL, '2016-11-22 13:05:50', '61', 'Trgovina na veliko poljoprivrednim strojevima, opremom i priborom', '46', 'G', 'Trgovina na veliko i na malo; popravak motornih vozila i motocikala'),
    (359, NULL, '2016-11-22 13:05:50', NULL, '2016-11-22 13:05:50', '62', 'Trgovina na veliko alatnim strojevima', '46', 'G', 'Trgovina na veliko i na malo; popravak motornih vozila i motocikala'),
    (360, NULL, '2016-11-22 13:05:50', NULL, '2016-11-22 13:05:50', '63', 'Trgovina na veliko strojevima za rudnike i građevinarstvo', '46', 'G', 'Trgovina na veliko i na malo; popravak motornih vozila i motocikala'),
    (361, NULL, '2016-11-22 13:05:50', NULL, '2016-11-22 13:05:50', '64', 'Trgovina na veliko strojevima za tekstilnu industriju te strojevima za šivanje i pletenje', '46', 'G', 'Trgovina na veliko i na malo; popravak motornih vozila i motocikala'),
    (362, NULL, '2016-11-22 13:05:50', NULL, '2016-11-22 13:05:50', '65', 'Trgovina na veliko uredskim namještajem', '46', 'G', 'Trgovina na veliko i na malo; popravak motornih vozila i motocikala'),
    (363, NULL, '2016-11-22 13:05:50', NULL, '2016-11-22 13:05:50', '66', 'Trgovina na veliko ostalim uredskim strojevima i opremom', '46', 'G', 'Trgovina na veliko i na malo; popravak motornih vozila i motocikala'),
    (364, NULL, '2016-11-22 13:05:50', NULL, '2016-11-22 13:05:50', '69', 'Trgovina na veliko ostalim strojevima i opremom', '46', 'G', 'Trgovina na veliko i na malo; popravak motornih vozila i motocikala'),
    (365, NULL, '2016-11-22 13:05:50', NULL, '2016-11-22 13:05:50', '71', 'Trgovina na veliko krutim, tekućim i plinovitim gorivima i srodnim proizvodima', '46', 'G', 'Trgovina na veliko i na malo; popravak motornih vozila i motocikala'),
    (366, NULL, '2016-11-22 13:05:50', NULL, '2016-11-22 13:05:50', '72', 'Trgovina na veliko metalima i metalnim rudama', '46', 'G', 'Trgovina na veliko i na malo; popravak motornih vozila i motocikala'),
    (367, NULL, '2016-11-22 13:05:50', NULL, '2016-11-22 13:05:50', '73', 'Trgovina na veliko drvom, građevinskim materijalom i sanitarnom opremom', '46', 'G', 'Trgovina na veliko i na malo; popravak motornih vozila i motocikala'),
    (368, NULL, '2016-11-22 13:05:50', NULL, '2016-11-22 13:05:50', '74', 'Trgovina na veliko željeznom robom, instalacijskim materijalom i opremom za vodovod i grijanje', '46', 'G', 'Trgovina na veliko i na malo; popravak motornih vozila i motocikala'),
    (369, NULL, '2016-11-22 13:05:50', NULL, '2016-11-22 13:05:50', '75', 'Trgovina na veliko kemijskim proizvodima', '46', 'G', 'Trgovina na veliko i na malo; popravak motornih vozila i motocikala'),
    (370, NULL, '2016-11-22 13:05:50', NULL, '2016-11-22 13:05:50', '76', 'Trgovina na veliko ostalim poluproizvodima', '46', 'G', 'Trgovina na veliko i na malo; popravak motornih vozila i motocikala'),
    (371, NULL, '2016-11-22 13:05:50', NULL, '2016-11-22 13:05:50', '77', 'Trgovina na veliko ostacima i otpacima', '46', 'G', 'Trgovina na veliko i na malo; popravak motornih vozila i motocikala'),
    (372, NULL, '2016-11-22 13:05:50', NULL, '2016-11-22 13:05:50', '90', 'Nespecijalizirana trgovina na veliko', '46', 'G', 'Trgovina na veliko i na malo; popravak motornih vozila i motocikala'),
    (373, NULL, '2016-11-22 13:05:50', NULL, '2016-11-22 13:05:50', '11', 'Trgovina na malo u nespecijaliziranim prodavaonicama pretežno hranom, pićima i duhanskim proizvodima', '47', 'G', 'Trgovina na veliko i na malo; popravak motornih vozila i motocikala'),
    (374, NULL, '2016-11-22 13:05:50', NULL, '2016-11-22 13:05:50', '19', 'Ostala trgovina na malo u nespecijaliziranim prodavaonicama', '47', 'G', 'Trgovina na veliko i na malo; popravak motornih vozila i motocikala'),
    (375, NULL, '2016-11-22 13:05:50', NULL, '2016-11-22 13:05:50', '21', 'Trgovina na malo voćem i povrćem u specijaliziranim prodavaonicama', '47', 'G', 'Trgovina na veliko i na malo; popravak motornih vozila i motocikala'),
    (376, NULL, '2016-11-22 13:05:50', NULL, '2016-11-22 13:05:50', '22', 'Trgovina na malo mesom i mesnim proizvodima u specijaliziranim prodavaonicama', '47', 'G', 'Trgovina na veliko i na malo; popravak motornih vozila i motocikala'),
    (377, NULL, '2016-11-22 13:05:50', NULL, '2016-11-22 13:05:50', '23', 'Trgovina na malo ribama, rakovima i školjkama u specijaliziranim prodavaonicama', '47', 'G', 'Trgovina na veliko i na malo; popravak motornih vozila i motocikala'),
    (378, NULL, '2016-11-22 13:05:50', NULL, '2016-11-22 13:05:50', '24', 'Trgovina na malo kruhom, pecivom, kolačima, tjesteninama, bombonima i slatkišima u specijaliziranim prodavaonicama', '47', 'G', 'Trgovina na veliko i na malo; popravak motornih vozila i motocikala'),
    (379, NULL, '2016-11-22 13:05:50', NULL, '2016-11-22 13:05:50', '25', 'Trgovina na malo pićima u specijaliziranim prodavaonicama', '47', 'G', 'Trgovina na veliko i na malo; popravak motornih vozila i motocikala'),
    (380, NULL, '2016-11-22 13:05:50', NULL, '2016-11-22 13:05:50', '26', 'Trgovina na malo duhanskim proizvodima u specijaliziranim prodavaonicama', '47', 'G', 'Trgovina na veliko i na malo; popravak motornih vozila i motocikala'),
    (381, NULL, '2016-11-22 13:05:50', NULL, '2016-11-22 13:05:50', '29', 'Ostala trgovina na malo prehrambenim proizvodima u specijaliziranim prodavaonicama', '47', 'G', 'Trgovina na veliko i na malo; popravak motornih vozila i motocikala'),
    (382, NULL, '2016-11-22 13:05:50', NULL, '2016-11-22 13:05:50', '30', 'Trgovina na malo motornim gorivima i mazivima u specijaliziranim prodavaonicama', '47', 'G', 'Trgovina na veliko i na malo; popravak motornih vozila i motocikala'),
    (383, NULL, '2016-11-22 13:05:50', NULL, '2016-11-22 13:05:50', '41', 'Trgovina na malo računalima, perifernim jedinicama i softverom u specijaliziranim prodavaonicama', '47', 'G', 'Trgovina na veliko i na malo; popravak motornih vozila i motocikala'),
    (384, NULL, '2016-11-22 13:05:50', NULL, '2016-11-22 13:05:50', '42', 'Trgovina na malo telekomunikacijskom opremom u specijaliziranim prodavaonicama', '47', 'G', 'Trgovina na veliko i na malo; popravak motornih vozila i motocikala'),
    (385, NULL, '2016-11-22 13:05:50', NULL, '2016-11-22 13:05:50', '43', 'Trgovina na malo audio i videoopremom u specijaliziranim prodavaonicama', '47', 'G', 'Trgovina na veliko i na malo; popravak motornih vozila i motocikala'),
    (386, NULL, '2016-11-22 13:05:50', NULL, '2016-11-22 13:05:50', '51', 'Trgovina na malo tekstilom u specijaliziranim prodavaonicama', '47', 'G', 'Trgovina na veliko i na malo; popravak motornih vozila i motocikala'),
    (387, NULL, '2016-11-22 13:05:50', NULL, '2016-11-22 13:05:50', '52', 'Trgovina na malo željeznom robom, bojama i staklom u specijaliziranim prodavaonicama', '47', 'G', 'Trgovina na veliko i na malo; popravak motornih vozila i motocikala'),
    (388, NULL, '2016-11-22 13:05:50', NULL, '2016-11-22 13:05:50', '53', 'Trgovina na malo sagovima i prostiračima za pod, zidnim i podnim oblogama u specijaliziranim prodavaonicama', '47', 'G', 'Trgovina na veliko i na malo; popravak motornih vozila i motocikala'),
    (389, NULL, '2016-11-22 13:05:50', NULL, '2016-11-22 13:05:50', '54', 'Trgovina na malo električnim aparatima za kućanstvo u specijaliziranim prodavaonicama', '47', 'G', 'Trgovina na veliko i na malo; popravak motornih vozila i motocikala'),
    (390, NULL, '2016-11-22 13:05:50', NULL, '2016-11-22 13:05:50', '59', 'Trgovina na malo namještajem, opremom za rasvjetu i ostalim proizvodima za kućanstvo u specijaliziranim prodavaonicama', '47', 'G', 'Trgovina na veliko i na malo; popravak motornih vozila i motocikala'),
    (391, NULL, '2016-11-22 13:05:50', NULL, '2016-11-22 13:05:50', '61', 'Trgovina na malo knjigama u specijaliziranim prodavaonicama', '47', 'G', 'Trgovina na veliko i na malo; popravak motornih vozila i motocikala'),
    (392, NULL, '2016-11-22 13:05:50', NULL, '2016-11-22 13:05:50', '62', 'Trgovina na malo novinama, papirnatom robom i pisaćim priborom u specijaliziranim prodavaonicama', '47', 'G', 'Trgovina na veliko i na malo; popravak motornih vozila i motocikala'),
    (393, NULL, '2016-11-22 13:05:50', NULL, '2016-11-22 13:05:50', '63', 'Trgovina na malo glazbenim i videozapisima u specijaliziranim prodavaonicama', '47', 'G', 'Trgovina na veliko i na malo; popravak motornih vozila i motocikala'),
    (394, NULL, '2016-11-22 13:05:50', NULL, '2016-11-22 13:05:50', '64', 'Trgovina na malo sportskom opremom u specijaliziranim prodavaonicama', '47', 'G', 'Trgovina na veliko i na malo; popravak motornih vozila i motocikala'),
    (395, NULL, '2016-11-22 13:05:50', NULL, '2016-11-22 13:05:50', '65', 'Trgovina na malo igrama i igračkama u specijaliziranim prodavaonicama', '47', 'G', 'Trgovina na veliko i na malo; popravak motornih vozila i motocikala'),
    (396, NULL, '2016-11-22 13:05:50', NULL, '2016-11-22 13:05:50', '71', 'Trgovina na malo odjećom u specijaliziranim prodavaonicama', '47', 'G', 'Trgovina na veliko i na malo; popravak motornih vozila i motocikala'),
    (397, NULL, '2016-11-22 13:05:50', NULL, '2016-11-22 13:05:50', '72', 'Trgovina na malo obućom i proizvodima od kože', '47', 'G', 'Trgovina na veliko i na malo; popravak motornih vozila i motocikala'),
    (398, NULL, '2016-11-22 13:05:50', NULL, '2016-11-22 13:05:50', '73', 'Ljekarne', '47', 'G', 'Trgovina na veliko i na malo; popravak motornih vozila i motocikala'),
    (399, NULL, '2016-11-22 13:05:50', NULL, '2016-11-22 13:05:50', '74', 'Trgovina na malo medicinskim pripravcima i ortopedskim pomagalima u specijaliziranim prodavaonicama', '47', 'G', 'Trgovina na veliko i na malo; popravak motornih vozila i motocikala'),
    (400, NULL, '2016-11-22 13:05:50', NULL, '2016-11-22 13:05:50', '75', 'Trgovina na malo kozmetičkim i toaletnim proizvodima u specijaliziranim prodavaonicama', '47', 'G', 'Trgovina na veliko i na malo; popravak motornih vozila i motocikala'),
    (401, NULL, '2016-11-22 13:05:50', NULL, '2016-11-22 13:05:50', '76', 'Trgovina na malo cvijećem, sadnicama, sjemenjem, gnojivom, kućnim ljubimcima i hranom za kućne ljubimce u specijaliziranim prodavaonicama', '47', 'G', 'Trgovina na veliko i na malo; popravak motornih vozila i motocikala'),
    (402, NULL, '2016-11-22 13:05:50', NULL, '2016-11-22 13:05:50', '77', 'Trgovina na malo satovima i nakitom u specijaliziranim prodavaonicama', '47', 'G', 'Trgovina na veliko i na malo; popravak motornih vozila i motocikala'),
    (403, NULL, '2016-11-22 13:05:50', NULL, '2016-11-22 13:05:50', '78', 'Ostala trgovina na malo novom robom u specijaliziranim prodavaonicama', '47', 'G', 'Trgovina na veliko i na malo; popravak motornih vozila i motocikala'),
    (404, NULL, '2016-11-22 13:05:50', NULL, '2016-11-22 13:05:50', '79', 'Trgovina na malo rabljenom robom u specijaliziranim prodavaonicama', '47', 'G', 'Trgovina na veliko i na malo; popravak motornih vozila i motocikala'),
    (405, NULL, '2016-11-22 13:05:50', NULL, '2016-11-22 13:05:50', '81', 'Trgovina na malo hranom, pićima i duhanskim proizvodima na štandovima i tržnicama', '47', 'G', 'Trgovina na veliko i na malo; popravak motornih vozila i motocikala'),
    (406, NULL, '2016-11-22 13:05:50', NULL, '2016-11-22 13:05:50', '82', 'Trgovina na malo tekstilom, odjećom i obućom na štandovima i tržnicama', '47', 'G', 'Trgovina na veliko i na malo; popravak motornih vozila i motocikala'),
    (407, NULL, '2016-11-22 13:05:50', NULL, '2016-11-22 13:05:50', '89', 'Trgovina na malo ostalom robom na štandovima i tržnicama', '47', 'G', 'Trgovina na veliko i na malo; popravak motornih vozila i motocikala'),
    (408, NULL, '2016-11-22 13:05:50', NULL, '2016-11-22 13:05:50', '91', 'Trgovina na malo preko pošte ili interneta', '47', 'G', 'Trgovina na veliko i na malo; popravak motornih vozila i motocikala'),
    (409, NULL, '2016-11-22 13:05:50', NULL, '2016-11-22 13:05:50', '99', 'Ostala trgovina na malo izvan prodavaonica, štandova i tržnica', '47', 'G', 'Trgovina na veliko i na malo; popravak motornih vozila i motocikala'),
    (410, NULL, '2016-11-22 13:05:50', NULL, '2016-11-22 13:05:50', '10', 'Željeznički prijevoz putnika, međugradski', '49', 'H', 'Prijevoz i skladištenje'),
    (411, NULL, '2016-11-22 13:05:50', NULL, '2016-11-22 13:05:50', '20', 'Željeznički prijevoz robe', '49', 'H', 'Prijevoz i skladištenje'),
    (412, NULL, '2016-11-22 13:05:50', NULL, '2016-11-22 13:05:50', '31', 'Gradski i prigradski kopneni prijevoz putnika', '49', 'H', 'Prijevoz i skladištenje'),
    (413, NULL, '2016-11-22 13:05:50', NULL, '2016-11-22 13:05:50', '32', 'Taksi služba', '49', 'H', 'Prijevoz i skladištenje'),
    (414, NULL, '2016-11-22 13:05:50', NULL, '2016-11-22 13:05:50', '39', 'Ostali kopneni prijevoz putnika, dn', '49', 'H', 'Prijevoz i skladištenje'),
    (415, NULL, '2016-11-22 13:05:50', NULL, '2016-11-22 13:05:50', '41', 'Cestovni prijevoz robe', '49', 'H', 'Prijevoz i skladištenje'),
    (416, NULL, '2016-11-22 13:05:50', NULL, '2016-11-22 13:05:50', '42', 'Usluge preseljenja', '49', 'H', 'Prijevoz i skladištenje'),
    (417, NULL, '2016-11-22 13:05:50', NULL, '2016-11-22 13:05:50', '50', 'Cjevovodni transport', '49', 'H', 'Prijevoz i skladištenje'),
    (418, NULL, '2016-11-22 13:05:50', NULL, '2016-11-22 13:05:50', '10', 'Pomorski i obalni prijevoz putnika', '50', 'H', 'Prijevoz i skladištenje'),
    (419, NULL, '2016-11-22 13:05:50', NULL, '2016-11-22 13:05:50', '20', 'Pomorski i obalni prijevoz robe', '50', 'H', 'Prijevoz i skladištenje'),
    (420, NULL, '2016-11-22 13:05:50', NULL, '2016-11-22 13:05:50', '30', 'Prijevoz putnika unutrašnjim vodenim putovima', '50', 'H', 'Prijevoz i skladištenje'),
    (421, NULL, '2016-11-22 13:05:50', NULL, '2016-11-22 13:05:50', '40', 'Prijevoz robe unutrašnjim vodenim putovima', '50', 'H', 'Prijevoz i skladištenje'),
    (422, NULL, '2016-11-22 13:05:50', NULL, '2016-11-22 13:05:50', '10', 'Zračni prijevoz putnika', '51', 'H', 'Prijevoz i skladištenje'),
    (423, NULL, '2016-11-22 13:05:50', NULL, '2016-11-22 13:05:50', '21', 'Zračni prijevoz robe', '51', 'H', 'Prijevoz i skladištenje'),
    (424, NULL, '2016-11-22 13:05:50', NULL, '2016-11-22 13:05:50', '22', 'Svemirski prijevoz', '51', 'H', 'Prijevoz i skladištenje'),
    (425, NULL, '2016-11-22 13:05:50', NULL, '2016-11-22 13:05:50', '10', 'Skladištenje robe', '52', 'H', 'Prijevoz i skladištenje'),
    (426, NULL, '2016-11-22 13:05:50', NULL, '2016-11-22 13:05:50', '21', 'Uslužne djelatnosti u vezi s kopnenim prijevozom', '52', 'H', 'Prijevoz i skladištenje'),
    (427, NULL, '2016-11-22 13:05:50', NULL, '2016-11-22 13:05:50', '22', 'Uslužne djelatnosti u vezi s vodenim prijevozom', '52', 'H', 'Prijevoz i skladištenje'),
    (428, NULL, '2016-11-22 13:05:50', NULL, '2016-11-22 13:05:50', '23', 'Uslužne djelatnosti u vezi sa zračnim prijevozom', '52', 'H', 'Prijevoz i skladištenje'),
    (429, NULL, '2016-11-22 13:05:50', NULL, '2016-11-22 13:05:50', '24', 'Prekrcaj tereta', '52', 'H', 'Prijevoz i skladištenje'),
    (430, NULL, '2016-11-22 13:05:50', NULL, '2016-11-22 13:05:50', '29', 'Ostale prateće djelatnosti u prijevozu', '52', 'H', 'Prijevoz i skladištenje'),
    (431, NULL, '2016-11-22 13:05:50', NULL, '2016-11-22 13:05:50', '10', 'Djelatnosti pružanja univerzalnih poštanskih usluga', '53', 'H', 'Prijevoz i skladištenje'),
    (432, NULL, '2016-11-22 13:05:50', NULL, '2016-11-22 13:05:50', '20', 'Djelatnosti pružanja ostalih poštanskih i kurirskih usluga', '53', 'H', 'Prijevoz i skladištenje'),
    (433, NULL, '2016-11-22 13:05:50', NULL, '2016-11-22 13:05:50', '10', 'Hoteli i sličan smještaj', '55', 'I', 'Djelatnosti pružanja smještaja te pripreme i usluživanja hrane'),
    (434, NULL, '2016-11-22 13:05:50', NULL, '2016-11-22 13:05:50', '20', 'Odmarališta i slični objekti za kraći odmor', '55', 'I', 'Djelatnosti pružanja smještaja te pripreme i usluživanja hrane'),
    (435, NULL, '2016-11-22 13:05:50', NULL, '2016-11-22 13:05:50', '30', 'Kampovi i prostori za kampiranje', '55', 'I', 'Djelatnosti pružanja smještaja te pripreme i usluživanja hrane'),
    (436, NULL, '2016-11-22 13:05:50', NULL, '2016-11-22 13:05:50', '90', 'Ostali smještaj', '55', 'I', 'Djelatnosti pružanja smještaja te pripreme i usluživanja hrane'),
    (437, NULL, '2016-11-22 13:05:50', NULL, '2016-11-22 13:05:50', '10', 'Djelatnosti restorana i ostalih objekata za pripremu i usluživanje hrane', '56', 'I', 'Djelatnosti pružanja smještaja te pripreme i usluživanja hrane'),
    (438, NULL, '2016-11-22 13:05:50', NULL, '2016-11-22 13:05:50', '21', 'Djelatnosti keteringa', '56', 'I', 'Djelatnosti pružanja smještaja te pripreme i usluživanja hrane'),
    (439, NULL, '2016-11-22 13:05:50', NULL, '2016-11-22 13:05:50', '29', 'Ostale djelatnosti pripreme i usluživanja hrane', '56', 'I', 'Djelatnosti pružanja smještaja te pripreme i usluživanja hrane'),
    (440, NULL, '2016-11-22 13:05:50', NULL, '2016-11-22 13:05:50', '30', 'Djelatnosti pripreme i usluživanja pića', '56', 'I', 'Djelatnosti pružanja smještaja te pripreme i usluživanja hrane'),
    (441, NULL, '2016-11-22 13:05:50', NULL, '2016-11-22 13:05:50', '11', 'Izdavanje knjiga', '58', 'J', 'Informacije i komunikacije'),
    (442, NULL, '2016-11-22 13:05:50', NULL, '2016-11-22 13:05:50', '12', 'Izdavanje imenika i popisa korisničkih adresa', '58', 'J', 'Informacije i komunikacije'),
    (443, NULL, '2016-11-22 13:05:50', NULL, '2016-11-22 13:05:50', '13', 'Izdavanje novina', '58', 'J', 'Informacije i komunikacije'),
    (444, NULL, '2016-11-22 13:05:50', NULL, '2016-11-22 13:05:50', '14', 'Izdavanje časopisa i periodičnih publikacija', '58', 'J', 'Informacije i komunikacije'),
    (445, NULL, '2016-11-22 13:05:50', NULL, '2016-11-22 13:05:50', '19', 'Ostala izdavačka djelatnost 5821 Izdavanje računalnih igara 5829 Izdavanje ostalog softvera', '58', 'J', 'Informacije i komunikacije'),
    (446, NULL, '2016-11-22 13:05:50', NULL, '2016-11-22 13:05:50', '11', 'Proizvodnja filmova, videofilmova i televizijskog programa', '59', 'J', 'Informacije i komunikacije'),
    (447, NULL, '2016-11-22 13:05:50', NULL, '2016-11-22 13:05:50', '12', 'Djelatnosti koje slijede nakon proizvodnje filmova, videofilmova i televizijskog programa', '59', 'J', 'Informacije i komunikacije'),
    (448, NULL, '2016-11-22 13:05:50', NULL, '2016-11-22 13:05:50', '13', 'Distribucija filmova, videofilmova i televizijskog programa', '59', 'J', 'Informacije i komunikacije'),
    (449, NULL, '2016-11-22 13:05:50', NULL, '2016-11-22 13:05:50', '14', 'Djelatnosti prikazivanja filmova', '59', 'J', 'Informacije i komunikacije'),
    (450, NULL, '2016-11-22 13:05:50', NULL, '2016-11-22 13:05:50', '20', 'Djelatnosti snimanja zvučnih zapisa i izdavanja glazbenih zapisa', '59', 'J', 'Informacije i komunikacije'),
    (451, NULL, '2016-11-22 13:05:50', NULL, '2016-11-22 13:05:50', '10', 'Emitiranje radijskog programa', '60', 'J', 'Informacije i komunikacije'),
    (452, NULL, '2016-11-22 13:05:50', NULL, '2016-11-22 13:05:50', '20', 'Emitiranje televizijskog programa', '60', 'J', 'Informacije i komunikacije'),
    (453, NULL, '2016-11-22 13:05:50', NULL, '2016-11-22 13:05:50', '10', 'Djelatnosti žičane telekomunikacije', '61', 'J', 'Informacije i komunikacije'),
    (454, NULL, '2016-11-22 13:05:50', NULL, '2016-11-22 13:05:50', '20', 'Djelatnosti bežične telekomunikacije', '61', 'J', 'Informacije i komunikacije'),
    (455, NULL, '2016-11-22 13:05:50', NULL, '2016-11-22 13:05:50', '30', 'Djelatnosti satelitske telekomunikacije', '61', 'J', 'Informacije i komunikacije'),
    (456, NULL, '2016-11-22 13:05:50', NULL, '2016-11-22 13:05:50', '90', 'Ostale telekomunikacijske djelatnosti', '61', 'J', 'Informacije i komunikacije'),
    (457, NULL, '2016-11-22 13:05:50', NULL, '2016-11-22 13:05:50', '01', 'Računalno programiranje', '62', 'J', 'Informacije i komunikacije'),
    (458, NULL, '2016-11-22 13:05:50', NULL, '2016-11-22 13:05:50', '02', 'Savjetovanje u vezi s računalima', '62', 'J', 'Informacije i komunikacije'),
    (459, NULL, '2016-11-22 13:05:50', NULL, '2016-11-22 13:05:50', '03', 'Upravljanje računalnom opremom i sustavom', '62', 'J', 'Informacije i komunikacije'),
    (460, NULL, '2016-11-22 13:05:50', NULL, '2016-11-22 13:05:50', '09', 'Ostale uslužne djelatnosti u vezi s informacijskom tehnologijom i računalima', '62', 'J', 'Informacije i komunikacije'),
    (461, NULL, '2016-11-22 13:05:50', NULL, '2016-11-22 13:05:50', '11', 'Obrada podataka, usluge poslužitelja i djelatnosti povezane s njima', '63', 'J', 'Informacije i komunikacije'),
    (462, NULL, '2016-11-22 13:05:50', NULL, '2016-11-22 13:05:50', '12', 'Internetski portali', '63', 'J', 'Informacije i komunikacije'),
    (463, NULL, '2016-11-22 13:05:50', NULL, '2016-11-22 13:05:50', '91', 'Djelatnosti novinskih agencija', '63', 'J', 'Informacije i komunikacije'),
    (464, NULL, '2016-11-22 13:05:50', NULL, '2016-11-22 13:05:50', '99', 'Ostale informacijske uslužne djelatnosti, dn', '63', 'J', 'Informacije i komunikacije'),
    (465, NULL, '2016-11-22 13:05:50', NULL, '2016-11-22 13:05:50', '11', 'Središnje bankarstvo', '64', 'K', 'Financijske djelatnosti i djelatnosti osiguranje'),
    (466, NULL, '2016-11-22 13:05:50', NULL, '2016-11-22 13:05:50', '19', 'Ostalo novčarsko posredovanje', '64', 'K', 'Financijske djelatnosti i djelatnosti osiguranje'),
    (467, NULL, '2016-11-22 13:05:50', NULL, '2016-11-22 13:05:50', '20', 'Djelatnosti holding', '64', 'K', 'Financijske djelatnosti i djelatnosti osiguranje'),
    (468, NULL, '2016-11-22 13:05:50', NULL, '2016-11-22 13:05:50', '30', 'Uzajamni fondovi (trustovi), ostali fondovi i slični financijski subjekti', '64', 'K', 'Financijske djelatnosti i djelatnosti osiguranje'),
    (469, NULL, '2016-11-22 13:05:50', NULL, '2016-11-22 13:05:50', '91', 'Financijski leasing', '64', 'K', 'Financijske djelatnosti i djelatnosti osiguranje'),
    (470, NULL, '2016-11-22 13:05:50', NULL, '2016-11-22 13:05:50', '92', 'Ostalo kreditno posredovanje', '64', 'K', 'Financijske djelatnosti i djelatnosti osiguranje'),
    (471, NULL, '2016-11-22 13:05:50', NULL, '2016-11-22 13:05:50', '99', 'Ostale financijske uslužne djelatnosti, osim osiguranja i mirovinskih fondova, D.N.', '64', 'K', 'Financijske djelatnosti i djelatnosti osiguranje'),
    (472, NULL, '2016-11-22 13:05:50', NULL, '2016-11-22 13:05:50', '11', 'Životno osiguranje', '65', 'K', 'Financijske djelatnosti i djelatnosti osiguranje'),
    (473, NULL, '2016-11-22 13:05:50', NULL, '2016-11-22 13:05:50', '12', 'Ostalo osiguranje', '65', 'K', 'Financijske djelatnosti i djelatnosti osiguranje'),
    (474, NULL, '2016-11-22 13:05:50', NULL, '2016-11-22 13:05:50', '20', 'Reosiguranje', '65', 'K', 'Financijske djelatnosti i djelatnosti osiguranje'),
    (475, NULL, '2016-11-22 13:05:50', NULL, '2016-11-22 13:05:50', '30', 'Mirovinski fondovi', '65', 'K', 'Financijske djelatnosti i djelatnosti osiguranje'),
    (476, NULL, '2016-11-22 13:05:50', NULL, '2016-11-22 13:05:50', '11', 'Poslovanje financijskih tržišta', '66', 'K', 'Financijske djelatnosti i djelatnosti osiguranje'),
    (477, NULL, '2016-11-22 13:05:50', NULL, '2016-11-22 13:05:50', '12', 'Djelatnosti posredovanja u poslovanju vrijednosnim papirima i robnim ugovorima', '66', 'K', 'Financijske djelatnosti i djelatnosti osiguranje'),
    (478, NULL, '2016-11-22 13:05:50', NULL, '2016-11-22 13:05:50', '19', 'Ostale pomoćne djelatnosti kod financijskih usluga, osim osiguranja i mirovinskih fondova', '66', 'K', 'Financijske djelatnosti i djelatnosti osiguranje'),
    (479, NULL, '2016-11-22 13:05:50', NULL, '2016-11-22 13:05:50', '21', 'Procjena rizika i štete', '66', 'K', 'Financijske djelatnosti i djelatnosti osiguranje'),
    (480, NULL, '2016-11-22 13:05:50', NULL, '2016-11-22 13:05:50', '22', 'Djelatnosti agenata i posrednika osiguranja', '66', 'K', 'Financijske djelatnosti i djelatnosti osiguranje'),
    (481, NULL, '2016-11-22 13:05:50', NULL, '2016-11-22 13:05:50', '29', 'Ostale pomoćne djelatnosti u osiguranju i mirovinskim fondovima', '66', 'K', 'Financijske djelatnosti i djelatnosti osiguranje'),
    (482, NULL, '2016-11-22 13:05:50', NULL, '2016-11-22 13:05:50', '30', 'Djelatnosti upravljanja fondovima', '66', 'K', 'Financijske djelatnosti i djelatnosti osiguranje'),
    (483, NULL, '2016-11-22 13:05:50', NULL, '2016-11-22 13:05:50', '10', 'Kupnja i prodaja vlastitih nekretnina', '68', 'L', 'Poslovanje nekretninama'),
    (484, NULL, '2016-11-22 13:05:50', NULL, '2016-11-22 13:05:50', '20', 'Iznajmljivanje i upravljanje vlastitim nekretninama ili nekretninama uzetim u zakup (leasing)', '68', 'L', 'Poslovanje nekretninama'),
    (485, NULL, '2016-11-22 13:05:50', NULL, '2016-11-22 13:05:50', '31', 'Agencije za poslovanje nekretninama', '68', 'L', 'Poslovanje nekretninama'),
    (486, NULL, '2016-11-22 13:05:50', NULL, '2016-11-22 13:05:50', '32', 'Upravljanje nekretninama uz naplatu ili na osnovi ugovora', '68', 'L', 'Poslovanje nekretninama'),
    (487, NULL, '2016-11-22 13:05:50', NULL, '2016-11-22 13:05:50', '10', 'Pravne djelatnosti', '69', 'M', 'Stručne, znanstvene i tehničke djelatnosti'),
    (488, NULL, '2016-11-22 13:05:50', NULL, '2016-11-22 13:05:50', '20', 'Računovodstvene, knjigovodstvene i revizijske djelatnosti; porezno savjetovanje', '69', 'M', 'Stručne, znanstvene i tehničke djelatnosti'),
    (489, NULL, '2016-11-22 13:05:50', NULL, '2016-11-22 13:05:50', '10', 'Upravljačke djelatnosti', '70', 'M', 'Stručne, znanstvene i tehničke djelatnosti'),
    (490, NULL, '2016-11-22 13:05:50', NULL, '2016-11-22 13:05:50', '21', 'Odnosi s javnošću i djelatnosti priopćivanja', '70', 'M', 'Stručne, znanstvene i tehničke djelatnosti'),
    (491, NULL, '2016-11-22 13:05:50', NULL, '2016-11-22 13:05:50', '22', 'Savjetovanje u vezi s poslovanjem i ostalim upravljanjem', '70', 'M', 'Stručne, znanstvene i tehničke djelatnosti'),
    (492, NULL, '2016-11-22 13:05:50', NULL, '2016-11-22 13:05:50', '11', 'Arhitektonske djelatnosti', '71', 'M', 'Stručne, znanstvene i tehničke djelatnosti'),
    (493, NULL, '2016-11-22 13:05:50', NULL, '2016-11-22 13:05:50', '12', 'Inženjerstvo i s njim povezano tehničko savjetovanje', '71', 'M', 'Stručne, znanstvene i tehničke djelatnosti'),
    (494, NULL, '2016-11-22 13:05:50', NULL, '2016-11-22 13:05:50', '20', 'Tehničko ispitivanje i analiza', '71', 'M', 'Stručne, znanstvene i tehničke djelatnosti'),
    (495, NULL, '2016-11-22 13:05:50', NULL, '2016-11-22 13:05:50', '11', 'Istraživanje i eksperimentalni razvoj u biotehnologiji', '72', 'M', 'Stručne, znanstvene i tehničke djelatnosti'),
    (496, NULL, '2016-11-22 13:05:50', NULL, '2016-11-22 13:05:50', '19', 'Ostalo istraživanje i eksperimentalni razvoj u prirodnim, tehničkim i tehnološkim znanostima', '72', 'M', 'Stručne, znanstvene i tehničke djelatnosti'),
    (497, NULL, '2016-11-22 13:05:50', NULL, '2016-11-22 13:05:50', '20', 'Istraživanje i eksperimentalni razvoj u društvenim i humanističkim znanostima', '72', 'M', 'Stručne, znanstvene i tehničke djelatnosti'),
    (498, NULL, '2016-11-22 13:05:50', NULL, '2016-11-22 13:05:50', '11', 'Agencije za promidžbu (reklamu i propagandu)', '73', 'M', 'Stručne, znanstvene i tehničke djelatnosti'),
    (499, NULL, '2016-11-22 13:05:50', NULL, '2016-11-22 13:05:50', '12', 'Oglašavanje preko medija', '73', 'M', 'Stručne, znanstvene i tehničke djelatnosti'),
    (500, NULL, '2016-11-22 13:05:50', NULL, '2016-11-22 13:05:50', '20', 'Istraživanje tržišta i ispitivanje javnoga mnijenja', '73', 'M', 'Stručne, znanstvene i tehničke djelatnosti'),
    (501, NULL, '2016-11-22 13:05:50', NULL, '2016-11-22 13:05:50', '10', 'Specijalizirane dizajnerske djelatnosti', '74', 'M', 'Stručne, znanstvene i tehničke djelatnosti'),
    (502, NULL, '2016-11-22 13:05:50', NULL, '2016-11-22 13:05:50', '20', 'Fotografske djelatnosti', '74', 'M', 'Stručne, znanstvene i tehničke djelatnosti'),
    (503, NULL, '2016-11-22 13:05:50', NULL, '2016-11-22 13:05:50', '30', 'Prevoditeljske djelatnosti i usluge tumača', '74', 'M', 'Stručne, znanstvene i tehničke djelatnosti'),
    (504, NULL, '2016-11-22 13:05:50', NULL, '2016-11-22 13:05:50', '90', 'Ostale stručne, znanstvene i tehničke djelatnosti, dn', '74', 'M', 'Stručne, znanstvene i tehničke djelatnosti'),
    (505, NULL, '2016-11-22 13:05:50', NULL, '2016-11-22 13:05:50', '00', 'Veterinarske djelatnosti', '75', 'M', 'Stručne, znanstvene i tehničke djelatnosti'),
    (506, NULL, '2016-11-22 13:05:50', NULL, '2016-11-22 13:05:50', '11', 'Iznajmljivanje i davanje u zakup (leasing) automobila i motornih vozila lake kategorije', '77', 'N', 'Administrativne i pomoćne uslužne djelatnosti'),
    (507, NULL, '2016-11-22 13:05:50', NULL, '2016-11-22 13:05:50', '12', 'Iznajmljivanje i davanje u zakup (leasing) kamiona', '77', 'N', 'Administrativne i pomoćne uslužne djelatnosti'),
    (508, NULL, '2016-11-22 13:05:50', NULL, '2016-11-22 13:05:50', '21', 'Iznajmljivanje i davanje u zakup (leasing) opreme za rekreaciju i sport', '77', 'N', 'Administrativne i pomoćne uslužne djelatnosti'),
    (509, NULL, '2016-11-22 13:05:50', NULL, '2016-11-22 13:05:50', '22', 'Iznajmljivanje videokaseta i diskova', '77', 'N', 'Administrativne i pomoćne uslužne djelatnosti'),
    (510, NULL, '2016-11-22 13:05:50', NULL, '2016-11-22 13:05:50', '29', 'Iznajmljivanje i davanje u zakup (leasing) ostalih predmeta za osobnu uporabu i kućanstvo', '77', 'N', 'Administrativne i pomoćne uslužne djelatnosti'),
    (511, NULL, '2016-11-22 13:05:50', NULL, '2016-11-22 13:05:50', '31', 'Iznajmljivanje i davanje u zakup (leasing) poljoprivrednih strojeva i opreme', '77', 'N', 'Administrativne i pomoćne uslužne djelatnosti'),
    (512, NULL, '2016-11-22 13:05:50', NULL, '2016-11-22 13:05:50', '32', 'Iznajmljivanje i davanje u zakup (leasing) strojeva i opreme za građevinarstvo i inženjerstvo', '77', 'N', 'Administrativne i pomoćne uslužne djelatnosti'),
    (513, NULL, '2016-11-22 13:05:50', NULL, '2016-11-22 13:05:50', '33', 'Iznajmljivanje i davanje u zakup (leasing) uredskih strojeva i opreme (uključujući računala)', '77', 'N', 'Administrativne i pomoćne uslužne djelatnosti'),
    (514, NULL, '2016-11-22 13:05:50', NULL, '2016-11-22 13:05:50', '34', 'Iznajmljivanje i davanje u zakup (leasing) plovnih prijevoznih sredstava', '77', 'N', 'Administrativne i pomoćne uslužne djelatnosti'),
    (515, NULL, '2016-11-22 13:05:50', NULL, '2016-11-22 13:05:50', '35', 'Iznajmljivanje i davanje u zakup (leasing) zračnih prijevoznih sredstava', '77', 'N', 'Administrativne i pomoćne uslužne djelatnosti'),
    (516, NULL, '2016-11-22 13:05:50', NULL, '2016-11-22 13:05:50', '39', 'Iznajmljivanje i davanje u zakup (leasing) ostalih strojeva, opreme i materijalnih dobara, dn', '77', 'N', 'Administrativne i pomoćne uslužne djelatnosti'),
    (517, NULL, '2016-11-22 13:05:50', NULL, '2016-11-22 13:05:50', '40', 'Davanje u zakup (leasing) prava na uporabu intelektualnog vlasništva i sličnih proizvoda, osim radova koji su zaštićeni autorskim pravima', '77', 'N', 'Administrativne i pomoćne uslužne djelatnosti'),
    (518, NULL, '2016-11-22 13:05:50', NULL, '2016-11-22 13:05:50', '10', 'Djelatnosti agencija za zapošljavanje', '78', 'N', 'Administrativne i pomoćne uslužne djelatnosti'),
    (519, NULL, '2016-11-22 13:05:50', NULL, '2016-11-22 13:05:50', '20', 'Djelatnosti agencija za privremeno zapošljavanje', '78', 'N', 'Administrativne i pomoćne uslužne djelatnosti'),
    (520, NULL, '2016-11-22 13:05:50', NULL, '2016-11-22 13:05:50', '30', 'Ostalo ustupanje ljudskih resursa', '78', 'N', 'Administrativne i pomoćne uslužne djelatnosti'),
    (521, NULL, '2016-11-22 13:05:50', NULL, '2016-11-22 13:05:50', '11', 'Djelatnosti putničkih agencija', '79', 'N', 'Administrativne i pomoćne uslužne djelatnosti'),
    (522, NULL, '2016-11-22 13:05:50', NULL, '2016-11-22 13:05:50', '12', 'Djelatnosti organizatora putovanja (turoperatora)', '79', 'N', 'Administrativne i pomoćne uslužne djelatnosti'),
    (523, NULL, '2016-11-22 13:05:50', NULL, '2016-11-22 13:05:50', '90', 'Ostale rezervacijske usluge i djelatnosti povezane s njima', '79', 'N', 'Administrativne i pomoćne uslužne djelatnosti'),
    (524, NULL, '2016-11-22 13:05:50', NULL, '2016-11-22 13:05:50', '10', 'Djelatnosti privatne zaštite', '80', 'N', 'Administrativne i pomoćne uslužne djelatnosti'),
    (525, NULL, '2016-11-22 13:05:50', NULL, '2016-11-22 13:05:50', '20', 'Usluge zaštite uz pomoć sigurnosnih sustava', '80', 'N', 'Administrativne i pomoćne uslužne djelatnosti'),
    (526, NULL, '2016-11-22 13:05:50', NULL, '2016-11-22 13:05:50', '30', 'Istražne djelatnosti', '80', 'N', 'Administrativne i pomoćne uslužne djelatnosti'),
    (527, NULL, '2016-11-22 13:05:50', NULL, '2016-11-22 13:05:50', '10', 'Upravljanje zgradama', '81', 'N', 'Administrativne i pomoćne uslužne djelatnosti'),
    (528, NULL, '2016-11-22 13:05:50', NULL, '2016-11-22 13:05:50', '21', 'Osnovno čišćenje zgrada', '81', 'N', 'Administrativne i pomoćne uslužne djelatnosti'),
    (529, NULL, '2016-11-22 13:05:50', NULL, '2016-11-22 13:05:50', '22', 'Ostale djelatnosti čišćenja zgrada i objekata', '81', 'N', 'Administrativne i pomoćne uslužne djelatnosti'),
    (530, NULL, '2016-11-22 13:05:50', NULL, '2016-11-22 13:05:50', '29', 'Ostale djelatnosti čišćenja', '81', 'N', 'Administrativne i pomoćne uslužne djelatnosti'),
    (531, NULL, '2016-11-22 13:05:50', NULL, '2016-11-22 13:05:50', '30', 'Uslužne djelatnosti uređenja i održavanja krajolika', '81', 'N', 'Administrativne i pomoćne uslužne djelatnosti'),
    (532, NULL, '2016-11-22 13:05:50', NULL, '2016-11-22 13:05:50', '11', 'Kombinirane uredske administrativne uslužne djelatnosti', '82', 'N', 'Administrativne i pomoćne uslužne djelatnosti'),
    (533, NULL, '2016-11-22 13:05:50', NULL, '2016-11-22 13:05:50', '19', 'Fotokopiranje, priprema dokumenata i ostale specijalizirane uredske pomoćne djelatnosti 8220 Djelatnosti pozivnih centara', '82', 'N', 'Administrativne i pomoćne uslužne djelatnosti'),
    (534, NULL, '2016-11-22 13:05:50', NULL, '2016-11-22 13:05:50', '30', 'Organizacija sastanaka i poslovnih sajmova', '82', 'N', 'Administrativne i pomoćne uslužne djelatnosti'),
    (535, NULL, '2016-11-22 13:05:50', NULL, '2016-11-22 13:05:50', '91', 'Djelatnosti agencija za prikupljanje i naplatu računa te kreditnih ureda', '82', 'N', 'Administrativne i pomoćne uslužne djelatnosti'),
    (536, NULL, '2016-11-22 13:05:50', NULL, '2016-11-22 13:05:50', '92', 'Djelatnosti pakiranja', '82', 'N', 'Administrativne i pomoćne uslužne djelatnosti'),
    (537, NULL, '2016-11-22 13:05:50', NULL, '2016-11-22 13:05:50', '99', 'Ostale poslovne pomoćne uslužne djelatnosti, dn 8411 Opće djelatnosti javne uprave', '82', 'N', 'Administrativne i pomoćne uslužne djelatnosti'),
    (538, NULL, '2016-11-22 13:05:50', NULL, '2016-11-22 13:05:50', '12', 'Reguliranje djelatnosti subjekata koji pružaju zdravstvenu zaštitu, usluge u obrazovanju i kulturi i druge društvene usluge, osim obveznoga socijalnog osiguranja', '84', 'O', 'Javna uprava i obrana; obvezno socijalno osiguranje'),
    (539, NULL, '2016-11-22 13:05:50', NULL, '2016-11-22 13:05:50', '13', 'Reguliranje i poboljšavanje poslovanja u gospodarstvu', '84', 'O', 'Javna uprava i obrana; obvezno socijalno osiguranje'),
    (540, NULL, '2016-11-22 13:05:50', NULL, '2016-11-22 13:05:50', '21', 'Vanjski poslovi', '84', 'O', 'Javna uprava i obrana; obvezno socijalno osiguranje'),
    (541, NULL, '2016-11-22 13:05:50', NULL, '2016-11-22 13:05:50', '22', 'Poslovi obrane', '84', 'O', 'Javna uprava i obrana; obvezno socijalno osiguranje'),
    (542, NULL, '2016-11-22 13:05:50', NULL, '2016-11-22 13:05:50', '23', 'Sudske i pravosudne djelatnosti', '84', 'O', 'Javna uprava i obrana; obvezno socijalno osiguranje'),
    (543, NULL, '2016-11-22 13:05:50', NULL, '2016-11-22 13:05:50', '24', 'Poslovi javnog reda i sigurnosti', '84', 'O', 'Javna uprava i obrana; obvezno socijalno osiguranje'),
    (544, NULL, '2016-11-22 13:05:50', NULL, '2016-11-22 13:05:50', '25', 'Djelatnosti vatrogasne službe', '84', 'O', 'Javna uprava i obrana; obvezno socijalno osiguranje'),
    (545, NULL, '2016-11-22 13:05:50', NULL, '2016-11-22 13:05:50', '30', 'Djelatnosti obveznoga socijalnog osiguranja', '84', 'O', 'Javna uprava i obrana; obvezno socijalno osiguranje'),
    (546, NULL, '2016-11-22 13:05:50', NULL, '2016-11-22 13:05:50', '10', 'Predškolsko obrazovanje', '85', 'P', 'Obrazovanje'),
    (547, NULL, '2016-11-22 13:05:50', NULL, '2016-11-22 13:05:50', '20', 'Osnovno obrazovanje', '85', 'P', 'Obrazovanje'),
    (548, NULL, '2016-11-22 13:05:50', NULL, '2016-11-22 13:05:50', '31', 'Opće srednje obrazovanje', '85', 'P', 'Obrazovanje'),
    (549, NULL, '2016-11-22 13:05:50', NULL, '2016-11-22 13:05:50', '32', 'Tehničko i strukovno srednje obrazovanje', '85', 'P', 'Obrazovanje'),
    (550, NULL, '2016-11-22 13:05:50', NULL, '2016-11-22 13:05:50', '41', 'Obrazovanje nakon srednjeg koje nije visoko', '85', 'P', 'Obrazovanje'),
    (551, NULL, '2016-11-22 13:05:50', NULL, '2016-11-22 13:05:50', '42', 'Visoko obrazovanje', '85', 'P', 'Obrazovanje'),
    (552, NULL, '2016-11-22 13:05:50', NULL, '2016-11-22 13:05:50', '51', 'Obrazovanje i poučavanje u području sporta i rekreacije', '85', 'P', 'Obrazovanje'),
    (553, NULL, '2016-11-22 13:05:50', NULL, '2016-11-22 13:05:50', '52', 'Obrazovanje i poučavanje u području kulture', '85', 'P', 'Obrazovanje'),
    (554, NULL, '2016-11-22 13:05:50', NULL, '2016-11-22 13:05:50', '53', 'Djelatnosti vozačkih škola', '85', 'P', 'Obrazovanje'),
    (555, NULL, '2016-11-22 13:05:50', NULL, '2016-11-22 13:05:50', '59', 'Ostalo obrazovanje i poučavanje, dn', '85', 'P', 'Obrazovanje'),
    (556, NULL, '2016-11-22 13:05:50', NULL, '2016-11-22 13:05:50', '60', 'Pomoćne uslužne djelatnosti u obrazovanju', '85', 'P', 'Obrazovanje'),
    (557, NULL, '2016-11-22 13:05:50', NULL, '2016-11-22 13:05:50', '10', 'Djelatnosti bolnica', '86', 'Q', 'Djelatnosti zdravstvene zaštite i socijalne skrbi'),
    (558, NULL, '2016-11-22 13:05:50', NULL, '2016-11-22 13:05:50', '21', 'Djelatnosti opće medicinske prakse', '86', 'Q', 'Djelatnosti zdravstvene zaštite i socijalne skrbi'),
    (559, NULL, '2016-11-22 13:05:50', NULL, '2016-11-22 13:05:50', '22', 'Djelatnosti specijalističke medicinske prakse', '86', 'Q', 'Djelatnosti zdravstvene zaštite i socijalne skrbi'),
    (560, NULL, '2016-11-22 13:05:50', NULL, '2016-11-22 13:05:50', '23', 'Djelatnosti stomatološke prakse', '86', 'Q', 'Djelatnosti zdravstvene zaštite i socijalne skrbi'),
    (561, NULL, '2016-11-22 13:05:50', NULL, '2016-11-22 13:05:50', '90', 'Ostale djelatnosti zdravstvene zaštite', '86', 'Q', 'Djelatnosti zdravstvene zaštite i socijalne skrbi'),
    (562, NULL, '2016-11-22 13:05:50', NULL, '2016-11-22 13:05:50', '10', 'Djelatnosti ustanova za njegu', '87', 'Q', 'Djelatnosti zdravstvene zaštite i socijalne skrbi'),
    (563, NULL, '2016-11-22 13:05:50', NULL, '2016-11-22 13:05:50', '20', 'Djelatnosti socijalne skrbi sa smještajem za osobe s teškoćama u razvoju, duševno bolesne osobe i osobe ovisne o alkoholu, drogama ili drugim opojnim sredstvima', '87', 'Q', 'Djelatnosti zdravstvene zaštite i socijalne skrbi'),
    (564, NULL, '2016-11-22 13:05:50', NULL, '2016-11-22 13:05:50', '30', 'Djelatnosti socijalne skrbi sa smještajem za starije osobe i osobe s invaliditetom', '87', 'Q', 'Djelatnosti zdravstvene zaštite i socijalne skrbi'),
    (565, NULL, '2016-11-22 13:05:50', NULL, '2016-11-22 13:05:50', '90', 'Ostale djelatnosti socijalne skrbi sa smještajem', '87', 'Q', 'Djelatnosti zdravstvene zaštite i socijalne skrbi'),
    (566, NULL, '2016-11-22 13:05:50', NULL, '2016-11-22 13:05:50', '10', 'Djelatnosti socijalne skrbi bez smještaja za starije osobe i osobe s invaliditetom', '88', 'Q', 'Djelatnosti zdravstvene zaštite i socijalne skrbi'),
    (567, NULL, '2016-11-22 13:05:50', NULL, '2016-11-22 13:05:50', '91', 'Djelatnosti dnevne skrbi o djeci', '88', 'Q', 'Djelatnosti zdravstvene zaštite i socijalne skrbi'),
    (568, NULL, '2016-11-22 13:05:50', NULL, '2016-11-22 13:05:50', '99', 'Ostale djelatnosti socijalne skrbi bez smještaja, D.N.', '88', 'Q', 'Djelatnosti zdravstvene zaštite i socijalne skrbi'),
    (569, NULL, '2016-11-22 13:05:50', NULL, '2016-11-22 13:05:50', '01', 'Izvođačka umjetnost', '90', 'R', 'Umjetnost, zabava i rekreacija'),
    (570, NULL, '2016-11-22 13:05:51', NULL, '2016-11-22 13:05:51', '02', 'Pomoćne djelatnosti u izvođačkoj umjetnosti', '90', 'R', 'Umjetnost, zabava i rekreacija'),
    (571, NULL, '2016-11-22 13:05:51', NULL, '2016-11-22 13:05:51', '03', 'Umjetničko stvaralaštvo', '90', 'R', 'Umjetnost, zabava i rekreacija'),
    (572, NULL, '2016-11-22 13:05:51', NULL, '2016-11-22 13:05:51', '04', 'Rad umjetničkih objekata', '90', 'R', 'Umjetnost, zabava i rekreacija'),
    (573, NULL, '2016-11-22 13:05:51', NULL, '2016-11-22 13:05:51', '01', 'Djelatnosti knjižnica i arhiva', '91', 'R', 'Umjetnost, zabava i rekreacija'),
    (574, NULL, '2016-11-22 13:05:51', NULL, '2016-11-22 13:05:51', '02', 'Djelatnosti muzeja', '91', 'R', 'Umjetnost, zabava i rekreacija'),
    (575, NULL, '2016-11-22 13:05:51', NULL, '2016-11-22 13:05:51', '03', 'Rad povijesnih mjesta i građevina te sličnih zanimljivosti za posjetitelje', '91', 'R', 'Umjetnost, zabava i rekreacija'),
    (576, NULL, '2016-11-22 13:05:51', NULL, '2016-11-22 13:05:51', '04', 'Djelatnosti botaničkih i zooloških vrtova i prirodnih rezervata', '91', 'R', 'Umjetnost, zabava i rekreacija'),
    (577, NULL, '2016-11-22 13:05:51', NULL, '2016-11-22 13:05:51', '00', 'Djelatnosti kockanja i klađenja', '92', 'R', 'Umjetnost, zabava i rekreacija'),
    (578, NULL, '2016-11-22 13:05:51', NULL, '2016-11-22 13:05:51', '11', 'Rad sportskih objekata', '93', 'R', 'Umjetnost, zabava i rekreacija'),
    (579, NULL, '2016-11-22 13:05:51', NULL, '2016-11-22 13:05:51', '12', 'Djelatnosti sportskih klubova', '93', 'R', 'Umjetnost, zabava i rekreacija'),
    (580, NULL, '2016-11-22 13:05:51', NULL, '2016-11-22 13:05:51', '13', 'Fitnes centri', '93', 'R', 'Umjetnost, zabava i rekreacija'),
    (581, NULL, '2016-11-22 13:05:51', NULL, '2016-11-22 13:05:51', '19', 'Ostale sportske djelatnosti', '93', 'R', 'Umjetnost, zabava i rekreacija'),
    (582, NULL, '2016-11-22 13:05:51', NULL, '2016-11-22 13:05:51', '21', 'Djelatnosti zabavnih i tematskih parkova 9329 Ostale zabavne i rekreacijske djelatnosti', '93', 'R', 'Umjetnost, zabava i rekreacija'),
    (583, NULL, '2016-11-22 13:05:51', NULL, '2016-11-22 13:05:51', '11', 'Djelatnosti poslovnih organizacija i organizacija poslodavaca', '94', 'S', 'Ostale uslužne djelatnosti'),
    (584, NULL, '2016-11-22 13:05:51', NULL, '2016-11-22 13:05:51', '12', 'Djelatnosti strukovnih članskih organizacija', '94', 'S', 'Ostale uslužne djelatnosti'),
    (585, NULL, '2016-11-22 13:05:51', NULL, '2016-11-22 13:05:51', '20', 'Djelatnosti sindikata', '94', 'S', 'Ostale uslužne djelatnosti'),
    (586, NULL, '2016-11-22 13:05:51', NULL, '2016-11-22 13:05:51', '91', 'Djelatnosti vjerskih organizacija', '94', 'S', 'Ostale uslužne djelatnosti'),
    (587, NULL, '2016-11-22 13:05:51', NULL, '2016-11-22 13:05:51', '92', 'Djelatnosti političkih organizacija', '94', 'S', 'Ostale uslužne djelatnosti'),
    (588, NULL, '2016-11-22 13:05:51', NULL, '2016-11-22 13:05:51', '99', 'Djelatnosti ostalih članskih organizacija, dn', '94', 'S', 'Ostale uslužne djelatnosti'),
    (589, NULL, '2016-11-22 13:05:51', NULL, '2016-11-22 13:05:51', '11', 'Popravak računala i periferne opreme', '95', 'S', 'Ostale uslužne djelatnosti'),
    (590, NULL, '2016-11-22 13:05:51', NULL, '2016-11-22 13:05:51', '12', 'Popravak komunikacijske opreme', '95', 'S', 'Ostale uslužne djelatnosti'),
    (591, NULL, '2016-11-22 13:05:51', NULL, '2016-11-22 13:05:51', '21', 'Popravak elektroničkih uređaja za široku potrošnju', '95', 'S', 'Ostale uslužne djelatnosti'),
    (592, NULL, '2016-11-22 13:05:51', NULL, '2016-11-22 13:05:51', '22', 'Popravak aparata za kućanstvo te opreme za kuću i vrt', '95', 'S', 'Ostale uslužne djelatnosti'),
    (593, NULL, '2016-11-22 13:05:51', NULL, '2016-11-22 13:05:51', '23', 'Popravak obuće i proizvoda od kože', '95', 'S', 'Ostale uslužne djelatnosti'),
    (594, NULL, '2016-11-22 13:05:51', NULL, '2016-11-22 13:05:51', '24', 'Popravak namještaja i pokućstva', '95', 'S', 'Ostale uslužne djelatnosti'),
    (595, NULL, '2016-11-22 13:05:51', NULL, '2016-11-22 13:05:51', '25', 'Popravak satova i nakita', '95', 'S', 'Ostale uslužne djelatnosti'),
    (596, NULL, '2016-11-22 13:05:51', NULL, '2016-11-22 13:05:51', '29', 'Popravak ostalih predmeta za osobnu uporabu i kućanstvo', '95', 'S', 'Ostale uslužne djelatnosti'),
    (597, NULL, '2016-11-22 13:05:51', NULL, '2016-11-22 13:05:51', '01', 'Pranje i kemijsko čišćenje tekstila i krznenih proizvoda', '96', 'S', 'Ostale uslužne djelatnosti'),
    (598, NULL, '2016-11-22 13:05:51', NULL, '2016-11-22 13:05:51', '02', 'Frizerski saloni i saloni za uljepšavanje', '96', 'S', 'Ostale uslužne djelatnosti'),
    (599, NULL, '2016-11-22 13:05:51', NULL, '2016-11-22 13:05:51', '03', 'Pogrebne i srodne djelatnosti', '96', 'S', 'Ostale uslužne djelatnosti'),
    (600, NULL, '2016-11-22 13:05:51', NULL, '2016-11-22 13:05:51', '04', 'Djelatnosti za njegu i održavanje tijela', '96', 'S', 'Ostale uslužne djelatnosti'),
    (601, NULL, '2016-11-22 13:05:51', NULL, '2016-11-22 13:05:51', '09', 'Ostale osobne uslužne djelatnosti, dn', '96', 'S', 'Ostale uslužne djelatnosti'),
    (602, NULL, '2016-11-22 13:05:51', NULL, '2016-11-22 13:05:51', '00', 'Djelatnosti kućanstava koja zapošljavaju poslugu', '97', 'T', 'Djelatnosti kućanstava kao poslodavaca; djelatnosti kućanstava koja proizvode različitu robu i obavljaju različite usluge za vlastite potrebe'),
    (603, NULL, '2016-11-22 13:05:51', NULL, '2016-11-22 13:05:51', '10', 'Djelatnosti privatnih kućanstava koja proizvode različitu robu za vlastite potrebe', '98', 'T', 'Djelatnosti kućanstava kao poslodavaca; djelatnosti kućanstava koja proizvode različitu robu i obavljaju različite usluge za vlastite potrebe'),
    (604, NULL, '2016-11-22 13:05:51', NULL, '2016-11-22 13:05:51', '20', 'Djelatnosti privatnih kućanstava koja obavljaju različite usluge za vlastite potrebe', '98', 'T', 'Djelatnosti kućanstava kao poslodavaca; djelatnosti kućanstava koja proizvode različitu robu i obavljaju različite usluge za vlastite potrebe'),
    (605, NULL, '2016-11-22 13:05:51', NULL, '2016-11-22 13:05:51', '00', 'Djelatnosti izvanteritorijalnih organizacija i tijela', '99', 'U', 'Djelatnosti izvanteritorijalnih organizacija i tijela');

################################################################################################################################
# user
################################################################################################################################    
INSERT INTO `user` (`id`, `created_by`, `creation_date`, `last_modified_by`, `last_modified_date`, `demo_user`, `email`, `first_name`, `last_login`, `last_name`, `password`, `registration_code`, `registration_code_confirmed`, `registration_code_sent`, `status`, `business_relationship_manager`)
VALUES
    (1, NULL, '2016-11-22 12:58:18', NULL, '2016-11-22 12:58:18', 1, 'demo', 'Demo', NULL, 'User', '89e495e7941cf9e40e6980d14a16bf023ccd4c91', NULL, NULL, NULL, 'ACTIVE', NULL);

################################################################################################################################
# company
################################################################################################################################    
INSERT INTO `company` (`id`, `created_by`, `creation_date`, `last_modified_by`, `last_modified_date`, `code`, `name`, `user`)
VALUES
    (1, NULL, '2016-11-22 12:58:18', NULL, '2016-11-22 12:58:18', NULL, 'Demo Company', 1);

################################################################################################################################
# permission
################################################################################################################################    
INSERT INTO `permission` (`id`, `name`)
VALUES
    (1000, 'users'),
    (1001, 'users.create'),
    (1002, 'users.read'),
    (1003, 'users.update'),
    (1004, 'users.delete'),
    (2000, 'tenders'),
    (2001, 'tenders.create'),
    (2002, 'tenders.read'),
    (2003, 'tenders.update'),
    (2004, 'tenders.delete'),
    (3000, 'investments'),
    (3001, 'investments.create'),
    (3002, 'investments.read'),
    (3003, 'investments.update'),
    (3004, 'investments.delete'),
    (4000, 'articles'),
    (4001, 'articles.create'),
    (4002, 'articles.read'),
    (4003, 'articles.update'),
    (4004, 'articles.delete'),
    (8000, 'statistics'),
    (9000, 'settings');

################################################################################################################################
# role
################################################################################################################################    
INSERT INTO `role` (`id`, `created_by`, `creation_date`, `last_modified_by`, `last_modified_date`, `name`)
VALUES
    (1, NULL, '2016-11-22 10:49:06', NULL, '2016-11-22 10:49:06', 'MEUF01');
    
################################################################################################################################
# role-permission
################################################################################################################################    
INSERT INTO `role_permission` (`role_id`, `permission_id`)
VALUES
    (1, 1000),
    (1, 1001),
    (1, 1002),
    (1, 1003),
    (1, 1004),
    (1, 2000),
    (1, 2001),
    (1, 2002),
    (1, 2003),
    (1, 2004),
    (1, 3000),
    (1, 3001),
    (1, 3002),
    (1, 3003),
    (1, 3004),
    (1, 4000),
    (1, 4001),
    (1, 4002),
    (1, 4003),
    (1, 4004),
    (1, 8000),
    (1, 9000);
   