INSERT INTO `subdivision1` (`id`, `created_by`, `creation_date`, `last_modified_by`, `last_modified_date`, `development_index`, `name`)
VALUES
    (1,NULL,'2016-12-15 13:04:13',NULL,'2016-12-15 13:04:13','I.','Virovitičko-podravska'),
    (2,NULL,'2016-12-15 13:04:13',NULL,'2016-12-15 13:04:13','I.','Brodsko-posavska'),
    (3,NULL,'2016-12-15 13:04:13',NULL,'2016-12-15 13:04:13','I.','Vukovarsko-srijemska'),
    (4,NULL,'2016-12-15 13:04:13',NULL,'2016-12-15 13:04:13','I.','Bjelovarsko-bilogorska'),
    (5,NULL,'2016-12-15 13:04:13',NULL,'2016-12-15 13:04:13','I.','Požeško-slavonska'),
    (6,NULL,'2016-12-15 13:04:13',NULL,'2016-12-15 13:04:13','I.','Sisačko-moslavačka'),
    (7,NULL,'2016-12-15 13:04:13',NULL,'2016-12-15 13:04:13','I.','Osječko-baranjska'),
    (8,NULL,'2016-12-15 13:04:13',NULL,'2016-12-15 13:04:13','I.','Karlovačka'),
    (9,NULL,'2016-12-15 13:04:13',NULL,'2016-12-15 13:04:13','I.','Koprivničko-križevačka'),
    (10,NULL,'2016-12-15 13:04:13',NULL,'2016-12-15 13:04:13','I.','Ličko-senjska'),
    (11,NULL,'2016-12-15 13:04:13',NULL,'2016-12-15 13:04:13','I.','Međimurska'),
    (12,NULL,'2016-12-15 13:04:13',NULL,'2016-12-15 13:04:13','I.','Krapinsko-zagorska'),
    (13,NULL,'2016-12-15 13:04:13',NULL,'2016-12-15 13:04:13','II.','Šibensko-kninska'),
    (14,NULL,'2016-12-15 13:04:13',NULL,'2016-12-15 13:04:13','II.','Varaždinska'),
    (15,NULL,'2016-12-15 13:04:13',NULL,'2016-12-15 13:04:13','II.','Splitsko-dalmatinska'),
    (16,NULL,'2016-12-15 13:04:13',NULL,'2016-12-15 13:04:13','III.','Zadarska'),
    (17,NULL,'2016-12-15 13:04:13',NULL,'2016-12-15 13:04:13','III.','Dubrovačko-neretvanska'),
    (18,NULL,'2016-12-15 13:04:13',NULL,'2016-12-15 13:04:13','III.','Zagrebačka'),
    (19,NULL,'2016-12-15 13:04:13',NULL,'2016-12-15 13:04:13','IV.','Primorsko-goranska'),
    (20,NULL,'2016-12-15 13:04:13',NULL,'2016-12-15 13:04:13','IV.','Istarska'),
    (21,NULL,'2016-12-15 13:04:13',NULL,'2016-12-15 13:04:13','IV.','Grad Zagreb');

INSERT INTO `subdivision2` (`id`, `created_by`, `creation_date`, `last_modified_by`, `last_modified_date`, `development_index`, `name`, `subdivision1`)
VALUES
    (1,NULL,'2016-12-15 13:04:14',NULL,'2016-12-15 13:04:14','I.','Kistanje',13),
    (2,NULL,'2016-12-15 13:04:14',NULL,'2016-12-15 13:04:14','I.','Donji Kukuruzari',6),
    (3,NULL,'2016-12-15 13:04:14',NULL,'2016-12-15 13:04:14','I.','Voćin',1),
    (4,NULL,'2016-12-15 13:04:14',NULL,'2016-12-15 13:04:14','I.','Vrginmost',6),
    (5,NULL,'2016-12-15 13:04:14',NULL,'2016-12-15 13:04:14','I.','Gunja',3),
    (6,NULL,'2016-12-15 13:04:14',NULL,'2016-12-15 13:04:14','I.','Zrinski Topolovac',4),
    (7,NULL,'2016-12-15 13:04:14',NULL,'2016-12-15 13:04:14','I.','Vrbje',2),
    (8,NULL,'2016-12-15 13:04:14',NULL,'2016-12-15 13:04:14','I.','Okučani',2),
    (9,NULL,'2016-12-15 13:04:14',NULL,'2016-12-15 13:04:14','I.','Cetingrad',8),
    (10,NULL,'2016-12-15 13:04:14',NULL,'2016-12-15 13:04:14','I.','Đulovac',4),
    (11,NULL,'2016-12-15 13:04:14',NULL,'2016-12-15 13:04:14','I.','Biskupija',13),
    (12,NULL,'2016-12-15 13:04:14',NULL,'2016-12-15 13:04:14','I.','Vojnić',8),
    (13,NULL,'2016-12-15 13:04:14',NULL,'2016-12-15 13:04:14','I.','Gornji Bogićevci',2),
    (14,NULL,'2016-12-15 13:04:14',NULL,'2016-12-15 13:04:14','I.','Dvor',6),
    (15,NULL,'2016-12-15 13:04:14',NULL,'2016-12-15 13:04:14','I.','Krnjak',8),
    (16,NULL,'2016-12-15 13:04:14',NULL,'2016-12-15 13:04:14','I.','Levanjska Varoš',7),
    (17,NULL,'2016-12-15 13:04:14',NULL,'2016-12-15 13:04:14','I.','Plaški',8),
    (18,NULL,'2016-12-15 13:04:14',NULL,'2016-12-15 13:04:14','I.','Sopje',1),
    (19,NULL,'2016-12-15 13:04:14',NULL,'2016-12-15 13:04:14','I.','Drenovci',3),
    (20,NULL,'2016-12-15 13:04:14',NULL,'2016-12-15 13:04:14','I.','Gradina',1),
    (21,NULL,'2016-12-15 13:04:14',NULL,'2016-12-15 13:04:14','I.','Jagodnjak',7),
    (22,NULL,'2016-12-15 13:04:14',NULL,'2016-12-15 13:04:14','I.','Štefanje',4),
    (23,NULL,'2016-12-15 13:04:14',NULL,'2016-12-15 13:04:14','I.','Babina Greda',3),
    (24,NULL,'2016-12-15 13:04:14',NULL,'2016-12-15 13:04:14','I.','Štitar',3),
    (25,NULL,'2016-12-15 13:04:14',NULL,'2016-12-15 13:04:14','I.','Mikleuš',1),
    (26,NULL,'2016-12-15 13:04:14',NULL,'2016-12-15 13:04:14','I.','Drenje',7),
    (27,NULL,'2016-12-15 13:04:14',NULL,'2016-12-15 13:04:14','I.','Donji Lapac',10),
    (28,NULL,'2016-12-15 13:04:14',NULL,'2016-12-15 13:04:14','I.','Sunja',6),
    (29,NULL,'2016-12-15 13:04:14',NULL,'2016-12-15 13:04:14','I.','Trnava',7),
    (30,NULL,'2016-12-15 13:04:14',NULL,'2016-12-15 13:04:14','I.','Podgorač',7),
    (31,NULL,'2016-12-15 13:04:14',NULL,'2016-12-15 13:04:14','I.','Nova Rača',4),
    (32,NULL,'2016-12-15 13:04:14',NULL,'2016-12-15 13:04:14','I.','Vrhovine',10),
    (33,NULL,'2016-12-15 13:04:14',NULL,'2016-12-15 13:04:14','I.','Markušica',3),
    (34,NULL,'2016-12-15 13:04:14',NULL,'2016-12-15 13:04:14','I.','Hrvatska Dubica',6),
    (35,NULL,'2016-12-15 13:04:14',NULL,'2016-12-15 13:04:14','I.','Lokvičići',15),
    (36,NULL,'2016-12-15 13:04:14',NULL,'2016-12-15 13:04:14','I.','Nova Bukovica',1),
    (37,NULL,'2016-12-15 13:04:14',NULL,'2016-12-15 13:04:14','I.','Čađavica',1),
    (38,NULL,'2016-12-15 13:04:14',NULL,'2016-12-15 13:04:14','I.','Kloštar Podravski',9),
    (39,NULL,'2016-12-15 13:04:14',NULL,'2016-12-15 13:04:14','I.','Staro Petrovo Selo',2),
    (40,NULL,'2016-12-15 13:04:14',NULL,'2016-12-15 13:04:14','I.','Gundinci',2),
    (41,NULL,'2016-12-15 13:04:14',NULL,'2016-12-15 13:04:14','I.','Špišić Bukovica',1),
    (42,NULL,'2016-12-15 13:04:14',NULL,'2016-12-15 13:04:14','I.','Rovišće',4),
    (43,NULL,'2016-12-15 13:04:14',NULL,'2016-12-15 13:04:14','I.','Šodolovci',7),
    (44,NULL,'2016-12-15 13:04:14',NULL,'2016-12-15 13:04:14','I.','Dežanovac',4),
    (45,NULL,'2016-12-15 13:04:14',NULL,'2016-12-15 13:04:14','I.','Civljane',13),
    (46,NULL,'2016-12-15 13:04:14',NULL,'2016-12-15 13:04:14','I.','Podravska Moslavina',7),
    (47,NULL,'2016-12-15 13:04:14',NULL,'2016-12-15 13:04:14','I.','Kapela',4),
    (48,NULL,'2016-12-15 13:04:14',NULL,'2016-12-15 13:04:14','II.','Stara Gradiška',2),
    (49,NULL,'2016-12-15 13:04:14',NULL,'2016-12-15 13:04:14','II.','Bošnjaci',3),
    (50,NULL,'2016-12-15 13:04:14',NULL,'2016-12-15 13:04:14','II.','Viljevo',7),
    (51,NULL,'2016-12-15 13:04:14',NULL,'2016-12-15 13:04:14','II.','Bebrina',2),
    (52,NULL,'2016-12-15 13:04:14',NULL,'2016-12-15 13:04:14','II.','Sveti Petar Orehovec',9),
    (53,NULL,'2016-12-15 13:04:14',NULL,'2016-12-15 13:04:14','II.','Novo Virje',9),
    (54,NULL,'2016-12-15 13:04:14',NULL,'2016-12-15 13:04:14','II.','Proložac',15),
    (55,NULL,'2016-12-15 13:04:14',NULL,'2016-12-15 13:04:14','II.','Velika Pisanica',4),
    (56,NULL,'2016-12-15 13:04:14',NULL,'2016-12-15 13:04:14','II.','Orehovica',11),
    (57,NULL,'2016-12-15 13:04:14',NULL,'2016-12-15 13:04:14','II.','Saborsko',8),
    (58,NULL,'2016-12-15 13:04:14',NULL,'2016-12-15 13:04:14','II.','Ivanska',4),
    (59,NULL,'2016-12-15 13:04:14',NULL,'2016-12-15 13:04:14','II.','Gornja Rijeka',9),
    (60,NULL,'2016-12-15 13:04:14',NULL,'2016-12-15 13:04:14','II.','Ervenik',13),
    (61,NULL,'2016-12-15 13:04:14',NULL,'2016-12-15 13:04:14','II.','Majur',6),
    (62,NULL,'2016-12-15 13:04:14',NULL,'2016-12-15 13:04:14','II.','Cista Provo',15),
    (63,NULL,'2016-12-15 13:04:14',NULL,'2016-12-15 13:04:14','II.','Suhopolje',1),
    (64,NULL,'2016-12-15 13:04:14',NULL,'2016-12-15 13:04:14','II.','Trpinja',3),
    (65,NULL,'2016-12-15 13:04:14',NULL,'2016-12-15 13:04:14','II.','Velika Trnovitica',4),
    (66,NULL,'2016-12-15 13:04:14',NULL,'2016-12-15 13:04:14','II.','Vrbanja',3),
    (67,NULL,'2016-12-15 13:04:14',NULL,'2016-12-15 13:04:14','II.','Slavonski Šamac',2),
    (68,NULL,'2016-12-15 13:04:14',NULL,'2016-12-15 13:04:14','II.','Donja Voća',14),
    (69,NULL,'2016-12-15 13:04:14',NULL,'2016-12-15 13:04:14','II.','Lukač',1),
    (70,NULL,'2016-12-15 13:04:14',NULL,'2016-12-15 13:04:14','II.','Borovo',3),
    (71,NULL,'2016-12-15 13:04:14',NULL,'2016-12-15 13:04:14','II.','Davor',2),
    (72,NULL,'2016-12-15 13:04:14',NULL,'2016-12-15 13:04:14','II.','Čaglin',5),
    (73,NULL,'2016-12-15 13:04:14',NULL,'2016-12-15 13:04:14','II.','Velika Kopanica',2),
    (74,NULL,'2016-12-15 13:04:14',NULL,'2016-12-15 13:04:14','II.','Donja Motičina',7),
    (75,NULL,'2016-12-15 13:04:14',NULL,'2016-12-15 13:04:14','II.','Veliki Grđevac',4),
    (76,NULL,'2016-12-15 13:04:14',NULL,'2016-12-15 13:04:14','II.','Lovreć',15),
    (77,NULL,'2016-12-15 13:04:14',NULL,'2016-12-15 13:04:14','II.','Popovac',7),
    (78,NULL,'2016-12-15 13:04:14',NULL,'2016-12-15 13:04:14','II.','Gradište',3),
    (79,NULL,'2016-12-15 13:04:14',NULL,'2016-12-15 13:04:14','II.','Rešetari',2),
    (80,NULL,'2016-12-15 13:04:14',NULL,'2016-12-15 13:04:14','II.','Gorjani',7),
    (81,NULL,'2016-12-15 13:04:14',NULL,'2016-12-15 13:04:14','II.','Đurđenovac',7),
    (82,NULL,'2016-12-15 13:04:14',NULL,'2016-12-15 13:04:14','II.','Rakovec',18),
    (83,NULL,'2016-12-15 13:04:14',NULL,'2016-12-15 13:04:14','II.','Berek',4),
    (84,NULL,'2016-12-15 13:04:14',NULL,'2016-12-15 13:04:14','II.','Glina',6),
    (85,NULL,'2016-12-15 13:04:14',NULL,'2016-12-15 13:04:14','II.','Cernik',2),
    (86,NULL,'2016-12-15 13:04:14',NULL,'2016-12-15 13:04:14','II.','Kalnik',9),
    (87,NULL,'2016-12-15 13:04:14',NULL,'2016-12-15 13:04:14','II.','Stari Mikanovci',3),
    (88,NULL,'2016-12-15 13:04:14',NULL,'2016-12-15 13:04:14','II.','Viškovci',7),
    (89,NULL,'2016-12-15 13:04:14',NULL,'2016-12-15 13:04:14','II.','Sokolovac',9),
    (90,NULL,'2016-12-15 13:04:14',NULL,'2016-12-15 13:04:14','II.','Satnica Đakovačka',7),
    (91,NULL,'2016-12-15 13:04:14',NULL,'2016-12-15 13:04:14','II.','Farkaševac',18),
    (92,NULL,'2016-12-15 13:04:14',NULL,'2016-12-15 13:04:14','II.','Strizivojna',7),
    (93,NULL,'2016-12-15 13:04:14',NULL,'2016-12-15 13:04:14','II.','Bogdanovci',3),
    (94,NULL,'2016-12-15 13:04:14',NULL,'2016-12-15 13:04:14','II.','Sikirevci',2),
    (95,NULL,'2016-12-15 13:04:14',NULL,'2016-12-15 13:04:14','II.','Tompojevci',3),
    (96,NULL,'2016-12-15 13:04:14',NULL,'2016-12-15 13:04:14','II.','Podcrkavlje',2),
    (97,NULL,'2016-12-15 13:04:14',NULL,'2016-12-15 13:04:14','II.','Kaptol',5),
    (98,NULL,'2016-12-15 13:04:14',NULL,'2016-12-15 13:04:14','II.','Vladislavci',7),
    (99,NULL,'2016-12-15 13:04:14',NULL,'2016-12-15 13:04:14','II.','Runovići',15),
    (100,NULL,'2016-12-15 13:04:14',NULL,'2016-12-15 13:04:14','II.','Dragalić',2),
    (101,NULL,'2016-12-15 13:04:14',NULL,'2016-12-15 13:04:14','II.','Podbablje',15),
    (102,NULL,'2016-12-15 13:04:14',NULL,'2016-12-15 13:04:14','II.','Preseka',18),
    (103,NULL,'2016-12-15 13:04:14',NULL,'2016-12-15 13:04:14','II.','Gračac',16),
    (104,NULL,'2016-12-15 13:04:14',NULL,'2016-12-15 13:04:14','II.','Končanica',4),
    (105,NULL,'2016-12-15 13:04:14',NULL,'2016-12-15 13:04:14','II.','Punitovci',7),
    (106,NULL,'2016-12-15 13:04:14',NULL,'2016-12-15 13:04:14','II.','Negoslavci',3),
    (107,NULL,'2016-12-15 13:04:14',NULL,'2016-12-15 13:04:14','II.','Koška',7),
    (108,NULL,'2016-12-15 13:04:14',NULL,'2016-12-15 13:04:14','II.','Pitomača',1),
    (109,NULL,'2016-12-15 13:04:14',NULL,'2016-12-15 13:04:14','II.','Severin',4),
    (110,NULL,'2016-12-15 13:04:14',NULL,'2016-12-15 13:04:14','II.','Crnac',1),
    (111,NULL,'2016-12-15 13:04:14',NULL,'2016-12-15 13:04:14','II.','Nova Kapela',2),
    (112,NULL,'2016-12-15 13:04:14',NULL,'2016-12-15 13:04:14','II.','Petlovac',7),
    (113,NULL,'2016-12-15 13:04:14',NULL,'2016-12-15 13:04:14','II.','Zažablje',17),
    (114,NULL,'2016-12-15 13:04:14',NULL,'2016-12-15 13:04:14','II.','Vrpolje',2),
    (115,NULL,'2016-12-15 13:04:14',NULL,'2016-12-15 13:04:14','II.','Oprisavci',2),
    (116,NULL,'2016-12-15 13:04:14',NULL,'2016-12-15 13:04:14','II.','Martinska Ves',6),
    (117,NULL,'2016-12-15 13:04:14',NULL,'2016-12-15 13:04:14','II.','Marijanci',7),
    (118,NULL,'2016-12-15 13:04:14',NULL,'2016-12-15 13:04:14','II.','Privlaka (Vinkovci)',3),
    (119,NULL,'2016-12-15 13:04:14',NULL,'2016-12-15 13:04:14','II.','Zagvozd',15),
    (120,NULL,'2016-12-15 13:04:14',NULL,'2016-12-15 13:04:14','II.','Brinje',10),
    (121,NULL,'2016-12-15 13:04:14',NULL,'2016-12-15 13:04:14','II.','Kneževi Vinogradi',7),
    (122,NULL,'2016-12-15 13:04:14',NULL,'2016-12-15 13:04:14','II.','Draž',7),
    (123,NULL,'2016-12-15 13:04:14',NULL,'2016-12-15 13:04:14','II.','Semeljci',7),
    (124,NULL,'2016-12-15 13:04:14',NULL,'2016-12-15 13:04:14','II.','Cerna',3),
    (125,NULL,'2016-12-15 13:04:14',NULL,'2016-12-15 13:04:14','II.','Ferdinandovac',9),
    (126,NULL,'2016-12-15 13:04:14',NULL,'2016-12-15 13:04:14','II.','Pleternica',5),
    (127,NULL,'2016-12-15 13:04:14',NULL,'2016-12-15 13:04:14','II.','Slivno',17),
    (128,NULL,'2016-12-15 13:04:14',NULL,'2016-12-15 13:04:14','II.','Rasinja',9),
    (129,NULL,'2016-12-15 13:04:14',NULL,'2016-12-15 13:04:14','II.','Otok (Vinkovci)',3),
    (130,NULL,'2016-12-15 13:04:14',NULL,'2016-12-15 13:04:14','II.','Šandrovac',4),
    (131,NULL,'2016-12-15 13:04:14',NULL,'2016-12-15 13:04:14','II.','Garčin',2),
    (132,NULL,'2016-12-15 13:04:14',NULL,'2016-12-15 13:04:14','II.','Erdut',7),
    (133,NULL,'2016-12-15 13:04:14',NULL,'2016-12-15 13:04:14','II.','Šestanovac',15),
    (134,NULL,'2016-12-15 13:04:14',NULL,'2016-12-15 13:04:14','II.','Ribnik',8),
    (135,NULL,'2016-12-15 13:04:15',NULL,'2016-12-15 13:04:15','II.','Grubišno Polje',4),
    (136,NULL,'2016-12-15 13:04:15',NULL,'2016-12-15 13:04:15','II.','Stari Jankovci',3),
    (137,NULL,'2016-12-15 13:04:15',NULL,'2016-12-15 13:04:15','II.','Gornja Vrba',2),
    (138,NULL,'2016-12-15 13:04:15',NULL,'2016-12-15 13:04:15','II.','Nijemci',3),
    (139,NULL,'2016-12-15 13:04:15',NULL,'2016-12-15 13:04:15','II.','Darda',7),
    (140,NULL,'2016-12-15 13:04:15',NULL,'2016-12-15 13:04:15','II.','Trilj',15),
    (141,NULL,'2016-12-15 13:04:15',NULL,'2016-12-15 13:04:15','II.','Žumberak',18),
    (142,NULL,'2016-12-15 13:04:15',NULL,'2016-12-15 13:04:15','II.','Tounj',8),
    (143,NULL,'2016-12-15 13:04:15',NULL,'2016-12-15 13:04:15','II.','Dubrava',18),
    (144,NULL,'2016-12-15 13:04:15',NULL,'2016-12-15 13:04:15','II.','Feričanci',7),
    (145,NULL,'2016-12-15 13:04:15',NULL,'2016-12-15 13:04:15','II.','Desinić',12),
    (146,NULL,'2016-12-15 13:04:15',NULL,'2016-12-15 13:04:15','II.','Jasenovac',6),
    (147,NULL,'2016-12-15 13:04:15',NULL,'2016-12-15 13:04:15','II.','Zdenci',1),
    (148,NULL,'2016-12-15 13:04:15',NULL,'2016-12-15 13:04:15','II.','Visoko',14),
    (149,NULL,'2016-12-15 13:04:15',NULL,'2016-12-15 13:04:15','II.','Lišane Ostrovičke',16),
    (150,NULL,'2016-12-15 13:04:15',NULL,'2016-12-15 13:04:15','II.','Otok',15),
    (151,NULL,'2016-12-15 13:04:15',NULL,'2016-12-15 13:04:15','II.','Hlebine',9),
    (152,NULL,'2016-12-15 13:04:15',NULL,'2016-12-15 13:04:15','II.','Veliko Trojstvo',4),
    (153,NULL,'2016-12-15 13:04:15',NULL,'2016-12-15 13:04:15','II.','Donji Andrijevci',2),
    (154,NULL,'2016-12-15 13:04:15',NULL,'2016-12-15 13:04:15','II.','Sveti Ivan Žabno',9),
    (155,NULL,'2016-12-15 13:04:15',NULL,'2016-12-15 13:04:15','II.','Žakanje',8),
    (156,NULL,'2016-12-15 13:04:15',NULL,'2016-12-15 13:04:15','II.','Kutjevo',5),
    (157,NULL,'2016-12-15 13:04:15',NULL,'2016-12-15 13:04:15','II.','Sibinj',2),
    (158,NULL,'2016-12-15 13:04:15',NULL,'2016-12-15 13:04:15','II.','Ružić',13),
    (159,NULL,'2016-12-15 13:04:15',NULL,'2016-12-15 13:04:15','II.','Brestovac',5),
    (160,NULL,'2016-12-15 13:04:15',NULL,'2016-12-15 13:04:15','II.','Oriovac',2),
    (161,NULL,'2016-12-15 13:04:15',NULL,'2016-12-15 13:04:15','II.','Čačinci',1),
    (162,NULL,'2016-12-15 13:04:15',NULL,'2016-12-15 13:04:15','II.','Udbina',10),
    (163,NULL,'2016-12-15 13:04:15',NULL,'2016-12-15 13:04:15','II.','Brodski Stupnik',2),
    (164,NULL,'2016-12-15 13:04:15',NULL,'2016-12-15 13:04:15','II.','Vrlika',15),
    (165,NULL,'2016-12-15 13:04:15',NULL,'2016-12-15 13:04:15','II.','Podturen',11),
    (166,NULL,'2016-12-15 13:04:15',NULL,'2016-12-15 13:04:15','II.','Bosiljevo',8),
    (167,NULL,'2016-12-15 13:04:15',NULL,'2016-12-15 13:04:15','II.','Domašinec',11),
    (168,NULL,'2016-12-15 13:04:15',NULL,'2016-12-15 13:04:15','II.','Zmijavci',15),
    (169,NULL,'2016-12-15 13:04:15',NULL,'2016-12-15 13:04:15','II.','Velika',5),
    (170,NULL,'2016-12-15 13:04:15',NULL,'2016-12-15 13:04:15','II.','Cestica',14),
    (171,NULL,'2016-12-15 13:04:15',NULL,'2016-12-15 13:04:15','II.','Vođinci',3),
    (172,NULL,'2016-12-15 13:04:15',NULL,'2016-12-15 13:04:15','II.','Ivankovo',3),
    (173,NULL,'2016-12-15 13:04:15',NULL,'2016-12-15 13:04:15','II.','Bednja',14),
    (174,NULL,'2016-12-15 13:04:15',NULL,'2016-12-15 13:04:15','II.','Lasinja',8),
    (175,NULL,'2016-12-15 13:04:15',NULL,'2016-12-15 13:04:15','II.','Josipdol',8),
    (176,NULL,'2016-12-15 13:04:15',NULL,'2016-12-15 13:04:15','II.','Novska',6),
    (177,NULL,'2016-12-15 13:04:15',NULL,'2016-12-15 13:04:15','II.','Štrigova',11),
    (178,NULL,'2016-12-15 13:04:15',NULL,'2016-12-15 13:04:15','II.','Lovas',3),
    (179,NULL,'2016-12-15 13:04:15',NULL,'2016-12-15 13:04:15','II.','Peteranec',9),
    (180,NULL,'2016-12-15 13:04:15',NULL,'2016-12-15 13:04:15','II.','Sveti Đurđ',14),
    (181,NULL,'2016-12-15 13:04:15',NULL,'2016-12-15 13:04:15','II.','Hrvatska Kostajnica',6),
    (182,NULL,'2016-12-15 13:04:15',NULL,'2016-12-15 13:04:15','II.','Mali Bukovec',14),
    (183,NULL,'2016-12-15 13:04:15',NULL,'2016-12-15 13:04:15','II.','Petrinja',6),
    (184,NULL,'2016-12-15 13:04:15',NULL,'2016-12-15 13:04:15','II.','Tordinci',3),
    (185,NULL,'2016-12-15 13:04:15',NULL,'2016-12-15 13:04:15','II.','Novigrad (Zadar)',16),
    (186,NULL,'2016-12-15 13:04:15',NULL,'2016-12-15 13:04:15','II.','Virje',9),
    (187,NULL,'2016-12-15 13:04:15',NULL,'2016-12-15 13:04:15','II.','Stankovci',16),
    (188,NULL,'2016-12-15 13:04:15',NULL,'2016-12-15 13:04:15','II.','Škabrnja',16),
    (189,NULL,'2016-12-15 13:04:15',NULL,'2016-12-15 13:04:15','II.','Hrvace',15),
    (190,NULL,'2016-12-15 13:04:15',NULL,'2016-12-15 13:04:15','II.','Poličnik',16),
    (191,NULL,'2016-12-15 13:04:15',NULL,'2016-12-15 13:04:15','II.','Magadenovac',7),
    (192,NULL,'2016-12-15 13:04:15',NULL,'2016-12-15 13:04:15','II.','Rakovica',8),
    (193,NULL,'2016-12-15 13:04:15',NULL,'2016-12-15 13:04:15','II.','Jarmina',3),
    (194,NULL,'2016-12-15 13:04:15',NULL,'2016-12-15 13:04:15','II.','Bukovlje',2),
    (195,NULL,'2016-12-15 13:04:15',NULL,'2016-12-15 13:04:15','II.','Kamanje',8),
    (196,NULL,'2016-12-15 13:04:15',NULL,'2016-12-15 13:04:15','II.','Selnica',11),
    (197,NULL,'2016-12-15 13:04:15',NULL,'2016-12-15 13:04:15','II.','Jakšić',5),
    (198,NULL,'2016-12-15 13:04:15',NULL,'2016-12-15 13:04:15','II.','Obrovac',16),
    (199,NULL,'2016-12-15 13:04:15',NULL,'2016-12-15 13:04:15','II.','Posedarje',16),
    (200,NULL,'2016-12-15 13:04:15',NULL,'2016-12-15 13:04:15','II.','Pakrac',5),
    (201,NULL,'2016-12-15 13:04:15',NULL,'2016-12-15 13:04:15','II.','Knin',13),
    (202,NULL,'2016-12-15 13:04:15',NULL,'2016-12-15 13:04:15','II.','Petrovsko',12),
    (203,NULL,'2016-12-15 13:04:15',NULL,'2016-12-15 13:04:15','II.','Ernestinovo',7),
    (204,NULL,'2016-12-15 13:04:15',NULL,'2016-12-15 13:04:15','II.','Barilovići',8),
    (205,NULL,'2016-12-15 13:04:15',NULL,'2016-12-15 13:04:15','II.','Klakar',2),
    (206,NULL,'2016-12-15 13:04:15',NULL,'2016-12-15 13:04:15','II.','Legrad',9),
    (207,NULL,'2016-12-15 13:04:15',NULL,'2016-12-15 13:04:15','II.','Hercegovac',4),
    (208,NULL,'2016-12-15 13:04:15',NULL,'2016-12-15 13:04:15','II.','Gornji Mihaljevec',11),
    (209,NULL,'2016-12-15 13:04:15',NULL,'2016-12-15 13:04:15','II.','Benkovac',16),
    (210,NULL,'2016-12-15 13:04:15',NULL,'2016-12-15 13:04:15','II.','Andrijaševci',3),
    (211,NULL,'2016-12-15 13:04:15',NULL,'2016-12-15 13:04:15','II.','Antunovac',7),
    (212,NULL,'2016-12-15 13:04:15',NULL,'2016-12-15 13:04:15','II.','Garešnica',4),
    (213,NULL,'2016-12-15 13:04:15',NULL,'2016-12-15 13:04:15','II.','Koprivnički Bregi',9),
    (214,NULL,'2016-12-15 13:04:15',NULL,'2016-12-15 13:04:15','II.','Skradin',13),
    (215,NULL,'2016-12-15 13:04:15',NULL,'2016-12-15 13:04:15','II.','Martijanec',14),
    (216,NULL,'2016-12-15 13:04:15',NULL,'2016-12-15 13:04:15','II.','Pokupsko',18),
    (217,NULL,'2016-12-15 13:04:15',NULL,'2016-12-15 13:04:15','II.','Slatina',1),
    (218,NULL,'2016-12-15 13:04:15',NULL,'2016-12-15 13:04:15','II.','Mala Subotica',11),
    (219,NULL,'2016-12-15 13:04:15',NULL,'2016-12-15 13:04:15','II.','Vukovar',3),
    (220,NULL,'2016-12-15 13:04:15',NULL,'2016-12-15 13:04:15','II.','Netretić',8),
    (221,NULL,'2016-12-15 13:04:15',NULL,'2016-12-15 13:04:15','II.','Vuka',7),
    (222,NULL,'2016-12-15 13:04:15',NULL,'2016-12-15 13:04:15','II.','Pribislavec',11),
    (223,NULL,'2016-12-15 13:04:15',NULL,'2016-12-15 13:04:15','II.','Topusko',6),
    (224,NULL,'2016-12-15 13:04:15',NULL,'2016-12-15 13:04:15','II.','Budinščina',12),
    (225,NULL,'2016-12-15 13:04:15',NULL,'2016-12-15 13:04:15','II.','Ilok',3),
    (226,NULL,'2016-12-15 13:04:15',NULL,'2016-12-15 13:04:15','II.','Slunj',8),
    (227,NULL,'2016-12-15 13:04:15',NULL,'2016-12-15 13:04:15','II.','Sirač',4),
    (228,NULL,'2016-12-15 13:04:15',NULL,'2016-12-15 13:04:15','II.','Belišće',7),
    (229,NULL,'2016-12-15 13:04:15',NULL,'2016-12-15 13:04:15','II.','Otočac',10),
    (230,NULL,'2016-12-15 13:04:15',NULL,'2016-12-15 13:04:15','II.','Čeminac',7),
    (231,NULL,'2016-12-15 13:04:15',NULL,'2016-12-15 13:04:15','II.','Breznica',14),
    (232,NULL,'2016-12-15 13:04:15',NULL,'2016-12-15 13:04:15','II.','Nuštar',3),
    (233,NULL,'2016-12-15 13:04:15',NULL,'2016-12-15 13:04:15','II.','Bizovac',7),
    (234,NULL,'2016-12-15 13:04:15',NULL,'2016-12-15 13:04:15','II.','Lobor',12),
    (235,NULL,'2016-12-15 13:04:15',NULL,'2016-12-15 13:04:15','II.','Muć',15),
    (236,NULL,'2016-12-15 13:04:15',NULL,'2016-12-15 13:04:15','II.','Čazma',4),
    (237,NULL,'2016-12-15 13:04:15',NULL,'2016-12-15 13:04:15','II.','Gola',9),
    (238,NULL,'2016-12-15 13:04:15',NULL,'2016-12-15 13:04:15','II.','Kula Norinska',17),
    (239,NULL,'2016-12-15 13:04:15',NULL,'2016-12-15 13:04:15','II.','Belica',11),
    (240,NULL,'2016-12-15 13:04:15',NULL,'2016-12-15 13:04:15','II.','Đakovo',7),
    (241,NULL,'2016-12-15 13:04:15',NULL,'2016-12-15 13:04:15','II.','VRSI',16),
    (242,NULL,'2016-12-15 13:04:15',NULL,'2016-12-15 13:04:15','II.','Zagorska Sela',12),
    (243,NULL,'2016-12-15 13:04:15',NULL,'2016-12-15 13:04:15','II.','Unešić',13),
    (244,NULL,'2016-12-15 13:04:15',NULL,'2016-12-15 13:04:15','II.','Gornja Stubica',12),
    (245,NULL,'2016-12-15 13:04:15',NULL,'2016-12-15 13:04:15','II.','Petrijevci',7),
    (246,NULL,'2016-12-15 13:04:15',NULL,'2016-12-15 13:04:15','II.','Imotski',15),
    (247,NULL,'2016-12-15 13:04:15',NULL,'2016-12-15 13:04:15','II.','Generalski Stol',8),
    (248,NULL,'2016-12-15 13:04:15',NULL,'2016-12-15 13:04:15','II.','Bilje',7),
    (249,NULL,'2016-12-15 13:04:15',NULL,'2016-12-15 13:04:15','II.','Kotoriba',11),
    (250,NULL,'2016-12-15 13:04:15',NULL,'2016-12-15 13:04:15','II.','Kijevo',13),
    (251,NULL,'2016-12-15 13:04:15',NULL,'2016-12-15 13:04:15','II.','Drnje',9),
    (252,NULL,'2016-12-15 13:04:15',NULL,'2016-12-15 13:04:15','II.','Orle',18),
    (253,NULL,'2016-12-15 13:04:15',NULL,'2016-12-15 13:04:15','II.','Nova Gradiška',2),
    (254,NULL,'2016-12-15 13:04:15',NULL,'2016-12-15 13:04:15','II.','Gradec',18),
    (255,NULL,'2016-12-15 13:04:15',NULL,'2016-12-15 13:04:15','II.','Beli Manastir',7),
    (256,NULL,'2016-12-15 13:04:15',NULL,'2016-12-15 13:04:15','II.','Drniš',13),
    (257,NULL,'2016-12-15 13:04:15',NULL,'2016-12-15 13:04:15','II.','Promina',13),
    (258,NULL,'2016-12-15 13:04:15',NULL,'2016-12-15 13:04:15','II.','Prgomet',15),
    (259,NULL,'2016-12-15 13:04:15',NULL,'2016-12-15 13:04:15','II.','Mursko Središće',11),
    (260,NULL,'2016-12-15 13:04:15',NULL,'2016-12-15 13:04:15','II.','Mihovljan',12),
    (261,NULL,'2016-12-15 13:04:15',NULL,'2016-12-15 13:04:15','II.','Polača',16),
    (262,NULL,'2016-12-15 13:04:15',NULL,'2016-12-15 13:04:15','II.','Ston',17),
    (263,NULL,'2016-12-15 13:04:15',NULL,'2016-12-15 13:04:15','II.','Lipik',5),
    (264,NULL,'2016-12-15 13:04:15',NULL,'2016-12-15 13:04:15','II.','Tovarnik',3),
    (265,NULL,'2016-12-15 13:04:15',NULL,'2016-12-15 13:04:15','III.','Ozalj',8),
    (266,NULL,'2016-12-15 13:04:15',NULL,'2016-12-15 13:04:15','III.','Donji Vidovec',11),
    (267,NULL,'2016-12-15 13:04:15',NULL,'2016-12-15 13:04:15','III.','Jesenje',12),
    (268,NULL,'2016-12-15 13:04:15',NULL,'2016-12-15 13:04:15','III.','Sveti Martin na Muri',11),
    (269,NULL,'2016-12-15 13:04:15',NULL,'2016-12-15 13:04:15','III.','Lećevica',15),
    (270,NULL,'2016-12-15 13:04:15',NULL,'2016-12-15 13:04:15','III.','Petrijanec',14),
    (271,NULL,'2016-12-15 13:04:15',NULL,'2016-12-15 13:04:15','III.','Županja',3),
    (272,NULL,'2016-12-15 13:04:15',NULL,'2016-12-15 13:04:15','III.','Donji Miholjac',7),
    (273,NULL,'2016-12-15 13:04:15',NULL,'2016-12-15 13:04:15','III.','Krašić',18),
    (274,NULL,'2016-12-15 13:04:15',NULL,'2016-12-15 13:04:15','III.','Brckovljani',18),
    (275,NULL,'2016-12-15 13:04:15',NULL,'2016-12-15 13:04:15','III.','Klenovnik',14),
    (276,NULL,'2016-12-15 13:04:15',NULL,'2016-12-15 13:04:15','III.','Vratišinec',11),
    (277,NULL,'2016-12-15 13:04:15',NULL,'2016-12-15 13:04:15','III.','Hrašćina',12),
    (278,NULL,'2016-12-15 13:04:15',NULL,'2016-12-15 13:04:15','III.','Pregrada',12),
    (279,NULL,'2016-12-15 13:04:15',NULL,'2016-12-15 13:04:15','III.','Đelekovec',9),
    (280,NULL,'2016-12-15 13:04:15',NULL,'2016-12-15 13:04:15','III.','Lepoglava',14),
    (281,NULL,'2016-12-15 13:04:15',NULL,'2016-12-15 13:04:15','III.','Kraljevec na Sutli',12),
    (282,NULL,'2016-12-15 13:04:15',NULL,'2016-12-15 13:04:15','III.','Mače',12),
    (283,NULL,'2016-12-15 13:04:15',NULL,'2016-12-15 13:04:15','III.','Čepin',7),
    (284,NULL,'2016-12-15 13:04:15',NULL,'2016-12-15 13:04:15','III.','Podravske Sesvete',9),
    (285,NULL,'2016-12-15 13:04:15',NULL,'2016-12-15 13:04:15','III.','Jalžabet',14),
    (286,NULL,'2016-12-15 13:04:15',NULL,'2016-12-15 13:04:15','III.','Smokvica',17),
    (287,NULL,'2016-12-15 13:04:15',NULL,'2016-12-15 13:04:15','III.','Đurmanec',12),
    (288,NULL,'2016-12-15 13:04:15',NULL,'2016-12-15 13:04:15','III.','Ražanac',16),
    (289,NULL,'2016-12-15 13:04:15',NULL,'2016-12-15 13:04:15','III.','Pojezerje',17),
    (290,NULL,'2016-12-15 13:04:15',NULL,'2016-12-15 13:04:15','III.','Breznički Hum',14),
    (291,NULL,'2016-12-15 13:04:15',NULL,'2016-12-15 13:04:15','III.','Plitvička Jezera',10),
    (292,NULL,'2016-12-15 13:04:15',NULL,'2016-12-15 13:04:15','III.','Bibinje',16),
    (293,NULL,'2016-12-15 13:04:15',NULL,'2016-12-15 13:04:15','III.','Zemunik Donji',16),
    (294,NULL,'2016-12-15 13:04:15',NULL,'2016-12-15 13:04:15','III.','Bedenica',18),
    (295,NULL,'2016-12-15 13:04:15',NULL,'2016-12-15 13:04:15','III.','Sveti Juraj na Bregu',11),
    (296,NULL,'2016-12-15 13:04:15',NULL,'2016-12-15 13:04:15','III.','Kumrovec',12),
    (297,NULL,'2016-12-15 13:04:15',NULL,'2016-12-15 13:04:15','III.','Novigrad Podravski',9),
    (298,NULL,'2016-12-15 13:04:15',NULL,'2016-12-15 13:04:15','III.','Donja Dubrava',11),
    (299,NULL,'2016-12-15 13:04:15',NULL,'2016-12-15 13:04:15','III.','Vidovec',14),
    (300,NULL,'2016-12-15 13:04:15',NULL,'2016-12-15 13:04:15','III.','Vrgorac',15),
    (301,NULL,'2016-12-15 13:04:15',NULL,'2016-12-15 13:04:15','III.','Valpovo',7),
    (302,NULL,'2016-12-15 13:04:15',NULL,'2016-12-15 13:04:15','III.','Maruševec',14),
    (303,NULL,'2016-12-15 13:04:15',NULL,'2016-12-15 13:04:15','III.','Dicmo',15),
    (304,NULL,'2016-12-15 13:04:15',NULL,'2016-12-15 13:04:15','III.','Metković',17),
    (305,NULL,'2016-12-15 13:04:15',NULL,'2016-12-15 13:04:15','III.','Našice',7),
    (306,NULL,'2016-12-15 13:04:15',NULL,'2016-12-15 13:04:15','III.','Dekanovec',11),
    (307,NULL,'2016-12-15 13:04:16',NULL,'2016-12-15 13:04:16','III.','Lekenik',6),
    (308,NULL,'2016-12-15 13:04:16',NULL,'2016-12-15 13:04:16','III.','Goričan',11),
    (309,NULL,'2016-12-15 13:04:16',NULL,'2016-12-15 13:04:16','III.','Vinica',14),
    (310,NULL,'2016-12-15 13:04:16',NULL,'2016-12-15 13:04:16','III.','Draganić',8),
    (311,NULL,'2016-12-15 13:04:16',NULL,'2016-12-15 13:04:16','III.','Primorski Dolac',15),
    (312,NULL,'2016-12-15 13:04:16',NULL,'2016-12-15 13:04:16','III.','Đurđevac',9),
    (313,NULL,'2016-12-15 13:04:16',NULL,'2016-12-15 13:04:16','III.','Jasenice',16),
    (314,NULL,'2016-12-15 13:04:16',NULL,'2016-12-15 13:04:16','III.','Rugvica',18),
    (315,NULL,'2016-12-15 13:04:16',NULL,'2016-12-15 13:04:16','III.','Popovača',6),
    (316,NULL,'2016-12-15 13:04:16',NULL,'2016-12-15 13:04:16','III.','Sinj',15),
    (317,NULL,'2016-12-15 13:04:16',NULL,'2016-12-15 13:04:16','III.','Sveta Marija',11),
    (318,NULL,'2016-12-15 13:04:16',NULL,'2016-12-15 13:04:16','III.','Lipovljani',6),
    (319,NULL,'2016-12-15 13:04:16',NULL,'2016-12-15 13:04:16','III.','Donji Kraljevec',11),
    (320,NULL,'2016-12-15 13:04:16',NULL,'2016-12-15 13:04:16','III.','Veliki Bukovec',14),
    (321,NULL,'2016-12-15 13:04:16',NULL,'2016-12-15 13:04:16','III.','Galovac',16),
    (322,NULL,'2016-12-15 13:04:16',NULL,'2016-12-15 13:04:16','III.','Bedekovčina',12),
    (323,NULL,'2016-12-15 13:04:16',NULL,'2016-12-15 13:04:16','III.','Radoboj',12),
    (324,NULL,'2016-12-15 13:04:16',NULL,'2016-12-15 13:04:16','III.','Opuzen',17),
    (325,NULL,'2016-12-15 13:04:16',NULL,'2016-12-15 13:04:16','III.','Pakoštane',16),
    (326,NULL,'2016-12-15 13:04:16',NULL,'2016-12-15 13:04:16','III.','Slavonski Brod',2),
    (327,NULL,'2016-12-15 13:04:16',NULL,'2016-12-15 13:04:16','III.','Koprivnički Ivanec',9),
    (328,NULL,'2016-12-15 13:04:16',NULL,'2016-12-15 13:04:16','III.','Nedelišće',11),
    (329,NULL,'2016-12-15 13:04:16',NULL,'2016-12-15 13:04:16','III.','Sveti Križ Začretje',12),
    (330,NULL,'2016-12-15 13:04:16',NULL,'2016-12-15 13:04:16','III.','Kloštar Ivanić',18),
    (331,NULL,'2016-12-15 13:04:16',NULL,'2016-12-15 13:04:16','III.','Marina',15),
    (332,NULL,'2016-12-15 13:04:16',NULL,'2016-12-15 13:04:16','III.','Seget',15),
    (333,NULL,'2016-12-15 13:04:16',NULL,'2016-12-15 13:04:16','III.','Beretinec',14),
    (334,NULL,'2016-12-15 13:04:16',NULL,'2016-12-15 13:04:16','III.','Ljubešćica',14),
    (335,NULL,'2016-12-15 13:04:16',NULL,'2016-12-15 13:04:16','III.','Tuhelj',12),
    (336,NULL,'2016-12-15 13:04:16',NULL,'2016-12-15 13:04:16','III.','Vrbovsko',19),
    (337,NULL,'2016-12-15 13:04:16',NULL,'2016-12-15 13:04:16','III.','Sveti Ilija',14),
    (338,NULL,'2016-12-15 13:04:16',NULL,'2016-12-15 13:04:16','III.','Novi Golubovec',12),
    (339,NULL,'2016-12-15 13:04:16',NULL,'2016-12-15 13:04:16','III.','Zlatar',12),
    (340,NULL,'2016-12-15 13:04:16',NULL,'2016-12-15 13:04:16','III.','Sračinec',14),
    (341,NULL,'2016-12-15 13:04:16',NULL,'2016-12-15 13:04:16','III.','Sukošan',16),
    (342,NULL,'2016-12-15 13:04:16',NULL,'2016-12-15 13:04:16','III.','Križ',18),
    (343,NULL,'2016-12-15 13:04:16',NULL,'2016-12-15 13:04:16','III.','Luka',18),
    (344,NULL,'2016-12-15 13:04:16',NULL,'2016-12-15 13:04:16','III.','Križevci',9),
    (345,NULL,'2016-12-15 13:04:16',NULL,'2016-12-15 13:04:16','III.','Vrbovec',18),
    (346,NULL,'2016-12-15 13:04:16',NULL,'2016-12-15 13:04:16','III.','Kravarsko',18),
    (347,NULL,'2016-12-15 13:04:16',NULL,'2016-12-15 13:04:16','III.','Klanjec',12),
    (348,NULL,'2016-12-15 13:04:16',NULL,'2016-12-15 13:04:16','III.','Orahovica',1),
    (349,NULL,'2016-12-15 13:04:16',NULL,'2016-12-15 13:04:16','III.','Požega',5),
    (350,NULL,'2016-12-15 13:04:16',NULL,'2016-12-15 13:04:16','III.','Novi Marof',14),
    (351,NULL,'2016-12-15 13:04:16',NULL,'2016-12-15 13:04:16','III.','Veliko Trgovišće',12),
    (352,NULL,'2016-12-15 13:04:16',NULL,'2016-12-15 13:04:16','III.','Cerovlje',20),
    (353,NULL,'2016-12-15 13:04:16',NULL,'2016-12-15 13:04:16','III.','Komiža',15),
    (354,NULL,'2016-12-15 13:04:16',NULL,'2016-12-15 13:04:16','III.','Prelog',11),
    (355,NULL,'2016-12-15 13:04:16',NULL,'2016-12-15 13:04:16','III.','Perušić',10),
    (356,NULL,'2016-12-15 13:04:16',NULL,'2016-12-15 13:04:16','III.','Daruvar',4),
    (357,NULL,'2016-12-15 13:04:16',NULL,'2016-12-15 13:04:16','III.','Virovitica',1),
    (358,NULL,'2016-12-15 13:04:16',NULL,'2016-12-15 13:04:16','III.','Dubravica',18),
    (359,NULL,'2016-12-15 13:04:16',NULL,'2016-12-15 13:04:16','III.','Klis',15),
    (360,NULL,'2016-12-15 13:04:16',NULL,'2016-12-15 13:04:16','III.','Vela Luka',17),
    (361,NULL,'2016-12-15 13:04:16',NULL,'2016-12-15 13:04:16','III.','Sveti Filip i Jakov',16),
    (362,NULL,'2016-12-15 13:04:16',NULL,'2016-12-15 13:04:16','III.','Duga Resa',8),
    (363,NULL,'2016-12-15 13:04:16',NULL,'2016-12-15 13:04:16','III.','Donja Stubica',12),
    (364,NULL,'2016-12-15 13:04:16',NULL,'2016-12-15 13:04:16','III.','Strahoninec',11),
    (365,NULL,'2016-12-15 13:04:16',NULL,'2016-12-15 13:04:16','III.','Omiš',15),
    (366,NULL,'2016-12-15 13:04:16',NULL,'2016-12-15 13:04:16','III.','Jakovlje',18),
    (367,NULL,'2016-12-15 13:04:16',NULL,'2016-12-15 13:04:16','III.','Motovun',20),
    (368,NULL,'2016-12-15 13:04:16',NULL,'2016-12-15 13:04:16','III.','Gospić',10),
    (369,NULL,'2016-12-15 13:04:16',NULL,'2016-12-15 13:04:16','III.','Selca',15),
    (370,NULL,'2016-12-15 13:04:16',NULL,'2016-12-15 13:04:16','III.','Varaždinske Toplice',14),
    (371,NULL,'2016-12-15 13:04:16',NULL,'2016-12-15 13:04:16','III.','Marija Bistrica',12),
    (372,NULL,'2016-12-15 13:04:16',NULL,'2016-12-15 13:04:16','III.','Karojba',20),
    (373,NULL,'2016-12-15 13:04:16',NULL,'2016-12-15 13:04:16','III.','Vinkovci',3),
    (374,NULL,'2016-12-15 13:04:16',NULL,'2016-12-15 13:04:16','III.','Dugi Rat',15),
    (375,NULL,'2016-12-15 13:04:16',NULL,'2016-12-15 13:04:16','III.','Senj',10),
    (376,NULL,'2016-12-15 13:04:16',NULL,'2016-12-15 13:04:16','III.','Bjelovar',4),
    (377,NULL,'2016-12-15 13:04:16',NULL,'2016-12-15 13:04:16','III.','Ogulin',8),
    (378,NULL,'2016-12-15 13:04:16',NULL,'2016-12-15 13:04:16','III.','Lumbarda',17),
    (379,NULL,'2016-12-15 13:04:16',NULL,'2016-12-15 13:04:16','III.','Orebić',17),
    (380,NULL,'2016-12-15 13:04:16',NULL,'2016-12-15 13:04:16','III.','Gradac',15),
    (381,NULL,'2016-12-15 13:04:16',NULL,'2016-12-15 13:04:16','III.','Kaštela',15),
    (382,NULL,'2016-12-15 13:04:16',NULL,'2016-12-15 13:04:16','III.','Pirovac',13),
    (383,NULL,'2016-12-15 13:04:16',NULL,'2016-12-15 13:04:16','III.','Janjina',17),
    (384,NULL,'2016-12-15 13:04:16',NULL,'2016-12-15 13:04:16','III.','Ivanec',14),
    (385,NULL,'2016-12-15 13:04:16',NULL,'2016-12-15 13:04:16','III.','Bilice',13),
    (386,NULL,'2016-12-15 13:04:16',NULL,'2016-12-15 13:04:16','III.','Čabar',19),
    (387,NULL,'2016-12-15 13:04:16',NULL,'2016-12-15 13:04:16','III.','Pučišća',15),
    (388,NULL,'2016-12-15 13:04:16',NULL,'2016-12-15 13:04:16','III.','Brod Moravice',19),
    (389,NULL,'2016-12-15 13:04:16',NULL,'2016-12-15 13:04:16','III.','Kutina',6),
    (390,NULL,'2016-12-15 13:04:16',NULL,'2016-12-15 13:04:16','III.','Konjščina',12),
    (391,NULL,'2016-12-15 13:04:16',NULL,'2016-12-15 13:04:16','III.','Privlaka (Zadar)',16),
    (392,NULL,'2016-12-15 13:04:16',NULL,'2016-12-15 13:04:16','III.','Lovinac',10),
    (393,NULL,'2016-12-15 13:04:16',NULL,'2016-12-15 13:04:16','III.','Sveti Ivan Zelina',18),
    (394,NULL,'2016-12-15 13:04:16',NULL,'2016-12-15 13:04:16','III.','Dubrovačko primorje',17),
    (395,NULL,'2016-12-15 13:04:16',NULL,'2016-12-15 13:04:16','III.','Velika Ludina',6),
    (396,NULL,'2016-12-15 13:04:16',NULL,'2016-12-15 13:04:16','III.','Trnovec Bartolovečki',14),
    (397,NULL,'2016-12-15 13:04:16',NULL,'2016-12-15 13:04:16','III.','Oroslavje',12),
    (398,NULL,'2016-12-15 13:04:16',NULL,'2016-12-15 13:04:16','III.','Hum na Sutli',12),
    (399,NULL,'2016-12-15 13:04:16',NULL,'2016-12-15 13:04:16','III.','Oprtalj',20),
    (400,NULL,'2016-12-15 13:04:16',NULL,'2016-12-15 13:04:16','III.','Sućuraj',15),
    (401,NULL,'2016-12-15 13:04:16',NULL,'2016-12-15 13:04:16','III.','Ludbreg',14),
    (402,NULL,'2016-12-15 13:04:16',NULL,'2016-12-15 13:04:16','III.','Trpanj',17),
    (403,NULL,'2016-12-15 13:04:16',NULL,'2016-12-15 13:04:16','III.','Blato',17),
    (404,NULL,'2016-12-15 13:04:16',NULL,'2016-12-15 13:04:16','III.','Gornji Kneginec',14),
    (405,NULL,'2016-12-15 13:04:16',NULL,'2016-12-15 13:04:16','III.','Gračišće',20),
    (406,NULL,'2016-12-15 13:04:16',NULL,'2016-12-15 13:04:16','III.','Pašman',16),
    (407,NULL,'2016-12-15 13:04:16',NULL,'2016-12-15 13:04:16','III.','Ploče',17),
    (408,NULL,'2016-12-15 13:04:16',NULL,'2016-12-15 13:04:16','III.','Pisarovina',18),
    (409,NULL,'2016-12-15 13:04:16',NULL,'2016-12-15 13:04:16','III.','Klinča Sela',18),
    (410,NULL,'2016-12-15 13:04:16',NULL,'2016-12-15 13:04:16','III.','Zlatar-Bistrica',12),
    (411,NULL,'2016-12-15 13:04:16',NULL,'2016-12-15 13:04:16','III.','Nerežišća',15),
    (412,NULL,'2016-12-15 13:04:16',NULL,'2016-12-15 13:04:16','III.','Lanišće',20),
    (413,NULL,'2016-12-15 13:04:16',NULL,'2016-12-15 13:04:16','III.','Krapina',12),
    (414,NULL,'2016-12-15 13:04:16',NULL,'2016-12-15 13:04:16','III.','Grožnjan',20),
    (415,NULL,'2016-12-15 13:04:16',NULL,'2016-12-15 13:04:16','III.','Molve',9),
    (416,NULL,'2016-12-15 13:04:16',NULL,'2016-12-15 13:04:16','III.','Podstrana',15),
    (417,NULL,'2016-12-15 13:04:16',NULL,'2016-12-15 13:04:16','III.','Ravna Gora',19),
    (418,NULL,'2016-12-15 13:04:16',NULL,'2016-12-15 13:04:16','III.','Mrkopalj',19),
    (419,NULL,'2016-12-15 13:04:16',NULL,'2016-12-15 13:04:16','III.','Korčula',17),
    (420,NULL,'2016-12-15 13:04:16',NULL,'2016-12-15 13:04:16','III.','Bistra',18),
    (421,NULL,'2016-12-15 13:04:16',NULL,'2016-12-15 13:04:16','III.','Marija Gorica',18),
    (422,NULL,'2016-12-15 13:04:16',NULL,'2016-12-15 13:04:16','III.','Jelenje',19),
    (423,NULL,'2016-12-15 13:04:16',NULL,'2016-12-15 13:04:16','III.','Krapinske Toplice',12),
    (424,NULL,'2016-12-15 13:04:16',NULL,'2016-12-15 13:04:16','III.','Starigrad',16),
    (425,NULL,'2016-12-15 13:04:16',NULL,'2016-12-15 13:04:16','III.','Tkon',16),
    (426,NULL,'2016-12-15 13:04:16',NULL,'2016-12-15 13:04:16','III.','Ivanić-Grad',18),
    (427,NULL,'2016-12-15 13:04:16',NULL,'2016-12-15 13:04:16','III.','Karlovac',8),
    (428,NULL,'2016-12-15 13:04:16',NULL,'2016-12-15 13:04:16','III.','Kalinovac',9),
    (429,NULL,'2016-12-15 13:04:16',NULL,'2016-12-15 13:04:16','III.','Jelsa',15),
    (430,NULL,'2016-12-15 13:04:16',NULL,'2016-12-15 13:04:16','III.','Tinjan',20),
    (431,NULL,'2016-12-15 13:04:16',NULL,'2016-12-15 13:04:16','III.','Okrug',15),
    (432,NULL,'2016-12-15 13:04:16',NULL,'2016-12-15 13:04:16','III.','Vižinada',20),
    (433,NULL,'2016-12-15 13:04:16',NULL,'2016-12-15 13:04:16','III.','Tribunj',13),
    (434,NULL,'2016-12-15 13:04:16',NULL,'2016-12-15 13:04:16','III.','Vodice',13),
    (435,NULL,'2016-12-15 13:04:16',NULL,'2016-12-15 13:04:16','III.','Sisak',6),
    (436,NULL,'2016-12-15 13:04:16',NULL,'2016-12-15 13:04:16','III.','Mljet',17),
    (437,NULL,'2016-12-15 13:04:16',NULL,'2016-12-15 13:04:16','III.','Pušća',18),
    (438,NULL,'2016-12-15 13:04:16',NULL,'2016-12-15 13:04:16','IV.','Lupoglav',20),
    (439,NULL,'2016-12-15 13:04:16',NULL,'2016-12-15 13:04:16','IV.','Šenkovec',11),
    (440,NULL,'2016-12-15 13:04:16',NULL,'2016-12-15 13:04:16','IV.','Pićan',20),
    (441,NULL,'2016-12-15 13:04:16',NULL,'2016-12-15 13:04:16','IV.','Sveti Petar u Šumi',20),
    (442,NULL,'2016-12-15 13:04:16',NULL,'2016-12-15 13:04:16','IV.','Trogir',15),
    (443,NULL,'2016-12-15 13:04:16',NULL,'2016-12-15 13:04:16','IV.','Čavle',19),
    (444,NULL,'2016-12-15 13:04:16',NULL,'2016-12-15 13:04:16','IV.','Tisno',13),
    (445,NULL,'2016-12-15 13:04:16',NULL,'2016-12-15 13:04:16','IV.','Osijek',7),
    (446,NULL,'2016-12-15 13:04:16',NULL,'2016-12-15 13:04:16','IV.','Župa dubrovačka',17),
    (447,NULL,'2016-12-15 13:04:16',NULL,'2016-12-15 13:04:16','IV.','Vis',15),
    (448,NULL,'2016-12-15 13:04:16',NULL,'2016-12-15 13:04:16','IV.','Preko',16),
    (449,NULL,'2016-12-15 13:04:16',NULL,'2016-12-15 13:04:16','IV.','Stubičke Toplice',12),
    (450,NULL,'2016-12-15 13:04:16',NULL,'2016-12-15 13:04:16','IV.','Stari Grad',15),
    (451,NULL,'2016-12-15 13:04:16',NULL,'2016-12-15 13:04:16','IV.','Sali',16),
    (452,NULL,'2016-12-15 13:04:16',NULL,'2016-12-15 13:04:16','IV.','Čakovec',11),
    (453,NULL,'2016-12-15 13:04:16',NULL,'2016-12-15 13:04:16','IV.','Murter',13),
    (454,NULL,'2016-12-15 13:04:16',NULL,'2016-12-15 13:04:16','IV.','Delnice',19),
    (455,NULL,'2016-12-15 13:04:16',NULL,'2016-12-15 13:04:16','IV.','Kali',16),
    (456,NULL,'2016-12-15 13:04:16',NULL,'2016-12-15 13:04:16','IV.','Podgora',15),
    (457,NULL,'2016-12-15 13:04:16',NULL,'2016-12-15 13:04:16','IV.','Klana',19),
    (458,NULL,'2016-12-15 13:04:16',NULL,'2016-12-15 13:04:16','IV.','Postira',15),
    (459,NULL,'2016-12-15 13:04:16',NULL,'2016-12-15 13:04:16','IV.','Lastovo',17),
    (460,NULL,'2016-12-15 13:04:16',NULL,'2016-12-15 13:04:16','IV.','Šibenik',13),
    (461,NULL,'2016-12-15 13:04:16',NULL,'2016-12-15 13:04:16','IV.','Skrad',19),
    (462,NULL,'2016-12-15 13:04:16',NULL,'2016-12-15 13:04:16','IV.','Raša',20),
    (463,NULL,'2016-12-15 13:04:16',NULL,'2016-12-15 13:04:16','IV.','Jastrebarsko',18),
    (464,NULL,'2016-12-15 13:04:16',NULL,'2016-12-15 13:04:16','IV.','Povljana',16),
    (465,NULL,'2016-12-15 13:04:16',NULL,'2016-12-15 13:04:16','IV.','Brdovec',18),
    (466,NULL,'2016-12-15 13:04:16',NULL,'2016-12-15 13:04:16','IV.','Tučepi',15),
    (467,NULL,'2016-12-15 13:04:16',NULL,'2016-12-15 13:04:16','IV.','Solin',15),
    (468,NULL,'2016-12-15 13:04:16',NULL,'2016-12-15 13:04:16','IV.','Buje',20),
    (469,NULL,'2016-12-15 13:04:16',NULL,'2016-12-15 13:04:16','IV.','Svetvinčenat',20),
    (470,NULL,'2016-12-15 13:04:16',NULL,'2016-12-15 13:04:16','IV.','Konavle',17),
    (471,NULL,'2016-12-15 13:04:16',NULL,'2016-12-15 13:04:16','IV.','Split',15),
    (472,NULL,'2016-12-15 13:04:16',NULL,'2016-12-15 13:04:16','IV.','Sveti Lovreč',20),
    (473,NULL,'2016-12-15 13:04:16',NULL,'2016-12-15 13:04:16','IV.','Dugo Selo',18),
    (474,NULL,'2016-12-15 13:04:16',NULL,'2016-12-15 13:04:16','IV.','Višnjan',20),
    (475,NULL,'2016-12-15 13:04:16',NULL,'2016-12-15 13:04:16','IV.','Vinodolska općina',19),
    (476,NULL,'2016-12-15 13:04:16',NULL,'2016-12-15 13:04:16','IV.','Pag',16),
    (477,NULL,'2016-12-15 13:04:16',NULL,'2016-12-15 13:04:16','IV.','Žminj',20),
    (478,NULL,'2016-12-15 13:04:16',NULL,'2016-12-15 13:04:16','IV.','Zabok',12),
    (479,NULL,'2016-12-15 13:04:16',NULL,'2016-12-15 13:04:16','IV.','Zadar',16),
    (480,NULL,'2016-12-15 13:04:16',NULL,'2016-12-15 13:04:16','IV.','Barban',20),
    (481,NULL,'2016-12-15 13:04:16',NULL,'2016-12-15 13:04:16','IV.','Lokve',19),
    (482,NULL,'2016-12-15 13:04:16',NULL,'2016-12-15 13:04:16','IV.','Milna',15),
    (483,NULL,'2016-12-15 13:04:16',NULL,'2016-12-15 13:04:16','IV.','Sveta Nedelja (Istra)',20),
    (484,NULL,'2016-12-15 13:04:16',NULL,'2016-12-15 13:04:16','IV.','Kraljevica',19),
    (485,NULL,'2016-12-15 13:04:16',NULL,'2016-12-15 13:04:16','IV.','Nin',16),
    (486,NULL,'2016-12-15 13:04:16',NULL,'2016-12-15 13:04:16','IV.','Pazin',20),
    (487,NULL,'2016-12-15 13:04:16',NULL,'2016-12-15 13:04:16','IV.','Velika Gorica',18),
    (488,NULL,'2016-12-15 13:04:16',NULL,'2016-12-15 13:04:16','IV.','Kaštelir - Labinci',20),
    (489,NULL,'2016-12-15 13:04:16',NULL,'2016-12-15 13:04:16','IV.','Zadvarje',15),
    (490,NULL,'2016-12-15 13:04:16',NULL,'2016-12-15 13:04:16','IV.','Vodnjan',20),
    (491,NULL,'2016-12-15 13:04:16',NULL,'2016-12-15 13:04:16','IV.','Koprivnica',9),
    (492,NULL,'2016-12-15 13:04:17',NULL,'2016-12-15 13:04:17','IV.','Primošten',13),
    (493,NULL,'2016-12-15 13:04:17',NULL,'2016-12-15 13:04:17','IV.','Rogoznica',13),
    (494,NULL,'2016-12-15 13:04:17',NULL,'2016-12-15 13:04:17','IV.','Kukljica',16),
    (495,NULL,'2016-12-15 13:04:17',NULL,'2016-12-15 13:04:17','IV.','Fužine',19),
    (496,NULL,'2016-12-15 13:04:17',NULL,'2016-12-15 13:04:17','IV.','Brela',15),
    (497,NULL,'2016-12-15 13:04:17',NULL,'2016-12-15 13:04:17','IV.','Karlobag',10),
    (498,NULL,'2016-12-15 13:04:17',NULL,'2016-12-15 13:04:17','IV.','Matulji',19),
    (499,NULL,'2016-12-15 13:04:17',NULL,'2016-12-15 13:04:17','IV.','Supetar',15),
    (500,NULL,'2016-12-15 13:04:17',NULL,'2016-12-15 13:04:17','IV.','Stupnik',18),
    (501,NULL,'2016-12-15 13:04:17',NULL,'2016-12-15 13:04:17','IV.','Brtonigla',20),
    (502,NULL,'2016-12-15 13:04:17',NULL,'2016-12-15 13:04:17','IV.','Marčana',20),
    (503,NULL,'2016-12-15 13:04:17',NULL,'2016-12-15 13:04:17','IV.','Dugopolje',15),
    (504,NULL,'2016-12-15 13:04:17',NULL,'2016-12-15 13:04:17','IV.','Rab',19),
    (505,NULL,'2016-12-15 13:04:17',NULL,'2016-12-15 13:04:17','IV.','Baška Voda',15),
    (506,NULL,'2016-12-15 13:04:17',NULL,'2016-12-15 13:04:17','IV.','Kastav',19),
    (507,NULL,'2016-12-15 13:04:17',NULL,'2016-12-15 13:04:17','IV.','Buzet',20),
    (508,NULL,'2016-12-15 13:04:17',NULL,'2016-12-15 13:04:17','IV.','Rijeka',19),
    (509,NULL,'2016-12-15 13:04:17',NULL,'2016-12-15 13:04:17','IV.','Labin',20),
    (510,NULL,'2016-12-15 13:04:17',NULL,'2016-12-15 13:04:17','IV.','Šolta',15),
    (511,NULL,'2016-12-15 13:04:17',NULL,'2016-12-15 13:04:17','IV.','Varaždin',14),
    (512,NULL,'2016-12-15 13:04:17',NULL,'2016-12-15 13:04:17','IV.','Mošćenička Draga',19),
    (513,NULL,'2016-12-15 13:04:17',NULL,'2016-12-15 13:04:17','IV.','Makarska',15),
    (514,NULL,'2016-12-15 13:04:17',NULL,'2016-12-15 13:04:17','IV.','Pula',20),
    (515,NULL,'2016-12-15 13:04:17',NULL,'2016-12-15 13:04:17','IV.','LOPAR',19),
    (516,NULL,'2016-12-15 13:04:17',NULL,'2016-12-15 13:04:17','IV.','Novi Vinodolski',19),
    (517,NULL,'2016-12-15 13:04:17',NULL,'2016-12-15 13:04:17','IV.','Sveta Nedelja (Samobor',18),
    (518,NULL,'2016-12-15 13:04:17',NULL,'2016-12-15 13:04:17','IV.','Biograd na moru',16),
    (519,NULL,'2016-12-15 13:04:17',NULL,'2016-12-15 13:04:17','IV.','Crikvenica',19),
    (520,NULL,'2016-12-15 13:04:17',NULL,'2016-12-15 13:04:17','IV.','Samobor',18),
    (521,NULL,'2016-12-15 13:04:17',NULL,'2016-12-15 13:04:17','IV.','Kršan',20),
    (522,NULL,'2016-12-15 13:04:17',NULL,'2016-12-15 13:04:17','IV.','Bakar',19),
    (523,NULL,'2016-12-15 13:04:17',NULL,'2016-12-15 13:04:17','IV.','Lovran',19),
    (524,NULL,'2016-12-15 13:04:17',NULL,'2016-12-15 13:04:17','IV.','Hvar',15),
    (525,NULL,'2016-12-15 13:04:17',NULL,'2016-12-15 13:04:17','IV.','Ližnjan',20),
    (526,NULL,'2016-12-15 13:04:17',NULL,'2016-12-15 13:04:17','IV.','Zaprešić',18),
    (527,NULL,'2016-12-15 13:04:17',NULL,'2016-12-15 13:04:17','IV.','Vrbnik',19),
    (528,NULL,'2016-12-15 13:04:17',NULL,'2016-12-15 13:04:17','IV.','Kanfanar',20),
    (529,NULL,'2016-12-15 13:04:17',NULL,'2016-12-15 13:04:17','IV.','Mali Lošinj',19),
    (530,NULL,'2016-12-15 13:04:17',NULL,'2016-12-15 13:04:17','IV.','Viškovo',19),
    (531,NULL,'2016-12-15 13:04:17',NULL,'2016-12-15 13:04:17','V.','Novalja',10),
    (532,NULL,'2016-12-15 13:04:17',NULL,'2016-12-15 13:04:17','V.','Dubrovnik',17),
    (533,NULL,'2016-12-15 13:04:17',NULL,'2016-12-15 13:04:17','V.','Tar-Vabriga',20),
    (534,NULL,'2016-12-15 13:04:17',NULL,'2016-12-15 13:04:17','V.','Cres',19),
    (535,NULL,'2016-12-15 13:04:17',NULL,'2016-12-15 13:04:17','V.','Bale',20),
    (536,NULL,'2016-12-15 13:04:17',NULL,'2016-12-15 13:04:17','V.','Vrsar',20),
    (537,NULL,'2016-12-15 13:04:17',NULL,'2016-12-15 13:04:17','V.','Opatija',19),
    (538,NULL,'2016-12-15 13:04:17',NULL,'2016-12-15 13:04:17','V.','Fažana',20),
    (539,NULL,'2016-12-15 13:04:17',NULL,'2016-12-15 13:04:17','V.','Kolan',16),
    (540,NULL,'2016-12-15 13:04:17',NULL,'2016-12-15 13:04:17','V.','Rovinj',20),
    (541,NULL,'2016-12-15 13:04:17',NULL,'2016-12-15 13:04:17','V.','Poreč',20),
    (542,NULL,'2016-12-15 13:04:17',NULL,'2016-12-15 13:04:17','V.','Krk',19),
    (543,NULL,'2016-12-15 13:04:17',NULL,'2016-12-15 13:04:17','V.','Umag',20),
    (544,NULL,'2016-12-15 13:04:17',NULL,'2016-12-15 13:04:17','V.','Punat',19),
    (545,NULL,'2016-12-15 13:04:17',NULL,'2016-12-15 13:04:17','V.','Bol',15),
    (546,NULL,'2016-12-15 13:04:17',NULL,'2016-12-15 13:04:17','V.','Sutivan',15),
    (547,NULL,'2016-12-15 13:04:17',NULL,'2016-12-15 13:04:17','V.','Dobrinj',19),
    (548,NULL,'2016-12-15 13:04:17',NULL,'2016-12-15 13:04:17','V.','Grad Zagreb',21),
    (549,NULL,'2016-12-15 13:04:17',NULL,'2016-12-15 13:04:17','V.','Novigrad (Istra)',20),
    (550,NULL,'2016-12-15 13:04:17',NULL,'2016-12-15 13:04:17','V.','Medulin',20),
    (551,NULL,'2016-12-15 13:04:17',NULL,'2016-12-15 13:04:17','V.','Baška',19),
    (552,NULL,'2016-12-15 13:04:17',NULL,'2016-12-15 13:04:17','V.','Omišalj',19),
    (553,NULL,'2016-12-15 13:04:17',NULL,'2016-12-15 13:04:17','V.','Malinska-Dubašnica',19),
    (554,NULL,'2016-12-15 13:04:17',NULL,'2016-12-15 13:04:17','V.','Funtana - Fontane',20),
    (555,NULL,'2016-12-15 13:04:17',NULL,'2016-12-15 13:04:17','V.','Vir',16),
    (556,NULL,'2016-12-15 13:04:17',NULL,'2016-12-15 13:04:17','V.','Kostrena',19);

INSERT INTO `permission` (`id`, `name`)
VALUES
    (1000, 'users'),
    (1001, 'users.create'),
    (1002, 'users.read'),
    (1003, 'users.update'),
    (1004, 'users.delete'),
    (1005, 'users.export'),
    (2000, 'tenders'),
    (2001, 'tenders.create'),
    (2002, 'tenders.read'),
    (2003, 'tenders.update'),
    (2004, 'tenders.delete'),
    (2005, 'tenders.export'),
    (3000, 'investments'),
    (3001, 'investments.create'),
    (3002, 'investments.read'),
    (3003, 'investments.update'),
    (3004, 'investments.delete'),
    (4000, 'articles'),
    (4001, 'articles.create'),
    (4002, 'articles.read'),
    (4003, 'articles.update'),
    (4004, 'articles.delete'),
    (5000, 'contacts'),
    (5001, 'contacts.read'),
    (5002, 'contacts.delete'),
    (5003, 'contacts.export'),
    (8000, 'statistics'),
    (9000, 'settings');
    
INSERT INTO `user` (`id`, `created_by`, `creation_date`, `last_modified_by`, `last_modified_date`, `demo_user`, `email`, `first_name`, `last_login`, `last_name`, `password`, `registration_code`, `registration_code_confirmed`, `registration_code_sent`, `status`, `business_relationship_manager`)
VALUES
    (1, NULL, '2016-11-22 12:58:18', NULL, '2016-11-22 12:58:18', 1, 'demo', 'Demo', NULL, 'User', '89e495e7941cf9e40e6980d14a16bf023ccd4c91', NULL, NULL, NULL, 'ACTIVE', NULL);

INSERT INTO `company` (`id`, `created_by`, `creation_date`, `last_modified_by`, `last_modified_date`, `code`, `name`, `user`)
VALUES
    (1, NULL, '2016-11-22 12:58:18', NULL, '2016-11-22 12:58:18', NULL, 'Demo Company', 1);

INSERT INTO `role` (`id`, `created_by`, `creation_date`, `last_modified_by`, `last_modified_date`, `name`)
VALUES
    (1, NULL, '2016-11-22 10:49:06', NULL, '2016-11-22 10:49:06', 'MEUF01');
    
INSERT INTO `role_permission` (`role_id`, `permission_id`)
VALUES
    (1, 1000),
    (1, 1001),
    (1, 1002),
    (1, 1003),
    (1, 1004),
    (1, 1005),
    (1, 2000),
    (1, 2001),
    (1, 2002),
    (1, 2003),
    (1, 2004),
    (1, 2005),
    (1, 3000),
    (1, 3001),
    (1, 3002),
    (1, 3003),
    (1, 3004),
    (1, 4000),
    (1, 4001),
    (1, 4002),
    (1, 4003),
    (1, 4004),
    (1, 5000),
    (1, 5001),
    (1, 5002),
    (1, 5003),
    (1, 8000),
    (1, 9000);
       